stem_id,voyage_id,imo_number,bunker_port,stem_date,grade,quantity_mt,price_usd_per_mt,total_cost_usd,supplier,sts_stem
BNK1000-1,VYG1000,9481234,Las Palmas,2022-01-08,MDO,2497,955.68,2386332.96,Shell Marine,N
BNK1001-1,VYG1001,9481234,Fujairah,2022-02-05,HSFO,1144,506.81,579790.64,TotalEnergies Marine,N
BNK1001-2,VYG1001,9481234,Busan,2022-02-08,HSFO,3214,454.06,1459348.84,TotalEnergies Marine,N
BNK1002-1,VYG1002,9481234,Port Said,2022-03-15,HSFO,2543,445.4,1132652.2,Monjasa,N
BNK1003-1,VYG1003,9481234,Las Palmas,2022-04-19,HSFO,1695,450.14,762987.3,Shell Marine,N
BNK1004-1,VYG1004,9481234,Busan,2022-05-23,HSFO,1250,453.37,566712.5,Shell Marine,N
BNK1004-2,VYG1004,9481234,Las Palmas,2022-05-23,HSFO,2020,486.21,982144.2,Monjasa,N
BNK1005-1,VYG1005,9481234,Singapore,2022-06-20,HSFO,2627,497.08,1305829.16,Peninsula Petroleum,N
BNK1005-2,VYG1005,9481234,Port Said,2022-06-17,HSFO,3429,492.93,1690256.97,Peninsula Petroleum,N
BNK1006-1,VYG1006,9481234,Rotterdam,2022-07-27,HSFO,1262,479.15,604687.3,Shell Marine,N
BNK1007-1,VYG1007,9481234,Port Said,2022-08-27,MDO,1800,916.67,1650006.0,Vitol Bunkers,N
BNK1008-1,VYG1008,9481234,Gibraltar,2022-09-18,HSFO,1001,495.57,496065.57,Monjasa,N
BNK1008-2,VYG1008,9481234,Busan,2022-09-19,HSFO,3346,489.96,1639406.16,TotalEnergies Marine,N
BNK1009-1,VYG1009,9481234,Hong Kong,2022-10-28,HSFO,2992,505.37,1512067.04,Monjasa,N
BNK1009-2,VYG1009,9481234,Rotterdam,2022-10-31,HSFO,2549,439.63,1120616.87,Vitol Bunkers,N
BNK1010-1,VYG1010,9481234,Busan,2022-12-05,HSFO,3044,442.71,1347609.24,Monjasa,N
BNK1011-1,VYG1011,9481234,Port Said,2023-01-14,HSFO,1153,402.81,464439.93,Shell Marine,N
BNK1011-2,VYG1011,9481234,Gibraltar,2023-01-16,HSFO,3079,441.16,1358331.64,Vitol Bunkers,N
BNK1012-1,VYG1012,9481234,Gibraltar,2023-02-06,HSFO,1439,460.42,662544.38,TotalEnergies Marine,N
BNK1013-1,VYG1013,9481234,Las Palmas,2023-02-27,HSFO,1534,421.42,646458.28,Monjasa,N
BNK1014-1,VYG1014,9481234,Las Palmas,2023-03-22,MDO,866,902.49,781556.34,Shell Marine,N
BNK1015-1,VYG1015,9481234,Gibraltar,2023-04-27,HSFO,2259,467.0,1054953.0,Shell Marine,N
BNK1016-1,VYG1016,9481234,Busan,2023-05-19,MDO,1035,897.45,928860.75,Shell Marine,Y
BNK1016-2,VYG1016,9481234,Fujairah,2023-05-23,HSFO,941,471.85,444010.85,Shell Marine,Y
BNK1017-1,VYG1017,9481234,Gibraltar,2023-06-09,HSFO,1938,452.22,876402.36,BP Marine,N
BNK1018-1,VYG1018,9481234,Gibraltar,2023-07-19,HSFO,2773,434.58,1205090.34,Shell Marine,N
BNK1019-1,VYG1019,9481234,Gibraltar,2023-08-10,HSFO,2835,431.92,1224493.2,Monjasa,N
BNK1019-2,VYG1019,9481234,Gibraltar,2023-08-15,HSFO,902,406.54,366699.08,TotalEnergies Marine,N
BNK1020-1,VYG1020,9481234,Fujairah,2023-09-16,HSFO,1209,468.57,566501.13,TotalEnergies Marine,N
BNK1021-1,VYG1021,9481234,Rotterdam,2023-10-21,MDO,2476,881.13,2181677.88,BP Marine,N
BNK1021-2,VYG1021,9481234,Rotterdam,2023-10-22,HSFO,1551,441.54,684828.54,Shell Marine,N
BNK1022-1,VYG1022,9481234,Fujairah,2023-11-23,HSFO,1425,458.93,653975.25,BP Marine,N
BNK1022-2,VYG1022,9481234,Gibraltar,2023-11-22,HSFO,869,402.25,349555.25,Monjasa,N
BNK1023-1,VYG1023,9481234,Rotterdam,2023-12-23,HSFO,1775,401.28,712272.0,TotalEnergies Marine,N
BNK1024-1,VYG1024,9481234,Hong Kong,2024-01-23,HSFO,1857,421.51,782744.07,Monjasa,N
BNK1025-1,VYG1025,9481234,Singapore,2024-02-22,HSFO,2447,450.85,1103229.95,Vitol Bunkers,N
BNK1025-2,VYG1025,9481234,Las Palmas,2024-02-21,HSFO,807,448.79,362173.53,Monjasa,N
BNK1026-1,VYG1026,9481234,Busan,2024-03-31,HSFO,3482,426.75,1485943.5,Monjasa,N
BNK1027-1,VYG1027,9481234,Fujairah,2024-05-04,HSFO,1748,458.88,802122.24,Peninsula Petroleum,N
BNK1028-1,VYG1028,9481234,Port Said,2024-05-20,HSFO,2330,412.38,960845.4,Vitol Bunkers,N
BNK1029-1,VYG1029,9481234,Fujairah,2024-06-27,HSFO,840,451.88,379579.2,Shell Marine,N
BNK1030-1,VYG1030,9481234,Hong Kong,2024-08-03,MDO,2745,872.51,2395039.95,Vitol Bunkers,N
BNK1030-2,VYG1030,9481234,Busan,2024-07-28,HSFO,2352,383.97,903097.44,Peninsula Petroleum,N
BNK1031-1,VYG1031,9481234,Singapore,2024-08-21,MDO,1081,809.02,874550.62,Shell Marine,N
BNK1031-2,VYG1031,9481234,Rotterdam,2024-08-18,HSFO,2923,444.59,1299536.57,Shell Marine,N
BNK1032-1,VYG1032,9481234,Las Palmas,2024-09-22,HSFO,1949,447.75,872664.75,Vitol Bunkers,N
BNK1033-1,VYG1033,9481234,Port Said,2024-11-01,MDO,2383,821.67,1958039.61,Vitol Bunkers,N
BNK1034-1,VYG1034,9481234,Hong Kong,2024-11-15,HSFO,1157,448.81,519273.17,Shell Marine,N
BNK1034-2,VYG1034,9481234,Singapore,2024-11-18,HSFO,1097,436.28,478599.16,Peninsula Petroleum,N
BNK1035-1,VYG1035,9481234,Gibraltar,2024-12-12,HSFO,3384,437.57,1480736.88,Vitol Bunkers,N
BNK1035-2,VYG1035,9481234,Gibraltar,2024-12-13,HSFO,2261,415.32,939038.52,Vitol Bunkers,N
BNK1036-1,VYG1036,9512345,Busan,2022-01-08,VLSFO,1956,660.16,1291272.96,Vitol Bunkers,N
BNK1036-2,VYG1036,9512345,Singapore,2022-01-06,VLSFO,1984,675.25,1339696.0,TotalEnergies Marine,N
BNK1037-1,VYG1037,9512345,Port Said,2022-02-07,VLSFO,1662,709.21,1178707.02,TotalEnergies Marine,N
BNK1038-1,VYG1038,9512345,Busan,2022-03-09,MDO,1694,878.48,1488145.12,Shell Marine,N
BNK1038-2,VYG1038,9512345,Singapore,2022-03-13,VLSFO,2125,693.99,1474728.75,Shell Marine,N
BNK1039-1,VYG1039,9512345,Las Palmas,2022-04-21,VLSFO,3122,716.94,2238286.68,BP Marine,N
BNK1039-2,VYG1039,9512345,Las Palmas,2022-04-18,VLSFO,1379,622.39,858275.81,Peninsula Petroleum,N
BNK1040-1,VYG1040,9512345,Las Palmas,2022-05-23,VLSFO,1432,709.11,1015445.52,Peninsula Petroleum,N
BNK1040-2,VYG1040,9512345,Hong Kong,2022-05-25,MDO,1532,899.49,1378018.68,Peninsula Petroleum,N
BNK1041-1,VYG1041,9512345,Port Said,2022-06-19,VLSFO,1036,703.37,728691.32,Monjasa,N
BNK1042-1,VYG1042,9512345,Singapore,2022-07-26,VLSFO,3465,630.92,2186137.8,Monjasa,N
BNK1042-2,VYG1042,9512345,Rotterdam,2022-07-21,VLSFO,2511,653.24,1640285.64,Peninsula Petroleum,N
BNK1043-1,VYG1043,9512345,Singapore,2022-08-10,VLSFO,1009,667.5,673507.5,TotalEnergies Marine,N
BNK1044-1,VYG1044,9512345,Las Palmas,2022-09-09,VLSFO,3100,625.93,1940383.0,Shell Marine,N
BNK1044-2,VYG1044,9512345,Gibraltar,2022-09-05,VLSFO,1566,636.31,996461.46,Vitol Bunkers,N
BNK1045-1,VYG1045,9512345,Fujairah,2022-10-04,VLSFO,2127,684.13,1455144.51,Monjasa,N
BNK1046-1,VYG1046,9512345,Port Said,2022-10-21,MDO,1358,977.2,1327037.6,Shell Marine,N
BNK1047-1,VYG1047,9512345,Port Said,2022-12-04,VLSFO,2617,666.54,1744335.18,TotalEnergies Marine,N
BNK1048-1,VYG1048,9512345,Rotterdam,2023-01-04,VLSFO,2104,615.98,1296021.92,BP Marine,N
BNK1048-2,VYG1048,9512345,Hong Kong,2022-12-30,VLSFO,2703,652.08,1762572.24,Shell Marine,N
BNK1049-1,VYG1049,9512345,Fujairah,2023-02-02,VLSFO,1002,606.46,607672.92,Shell Marine,N
BNK1050-1,VYG1050,9512345,Gibraltar,2023-03-06,VLSFO,1283,622.47,798629.01,Vitol Bunkers,N
BNK1051-1,VYG1051,9512345,Las Palmas,2023-04-05,VLSFO,3037,607.97,1846404.89,BP Marine,N
BNK1052-1,VYG1052,9512345,Las Palmas,2023-05-01,VLSFO,2308,589.18,1359827.44,Monjasa,N
BNK1052-2,VYG1052,9512345,Fujairah,2023-05-04,VLSFO,2556,583.11,1490429.16,BP Marine,N
BNK1053-1,VYG1053,9512345,Fujairah,2023-06-09,VLSFO,1917,597.12,1144679.04,Peninsula Petroleum,N
BNK1054-1,VYG1054,9512345,Busan,2023-06-25,VLSFO,2557,633.19,1619066.83,Peninsula Petroleum,N
BNK1054-2,VYG1054,9512345,Busan,2023-06-29,VLSFO,2022,630.26,1274385.72,Vitol Bunkers,N
BNK1055-1,VYG1055,9512345,Singapore,2023-08-02,VLSFO,2072,639.9,1325872.8,TotalEnergies Marine,Y
BNK1056-1,VYG1056,9512345,Port Said,2023-08-28,VLSFO,1592,655.09,1042903.28,Peninsula Petroleum,N
BNK1056-2,VYG1056,9512345,Busan,2023-09-02,VLSFO,1882,610.66,1149262.12,Monjasa,N
BNK1057-1,VYG1057,9512345,Fujairah,2023-10-09,VLSFO,3064,645.75,1978578.0,BP Marine,N
BNK1058-1,VYG1058,9512345,Fujairah,2023-10-26,VLSFO,2397,629.05,1507832.85,Shell Marine,N
BNK1058-2,VYG1058,9512345,Gibraltar,2023-10-26,VLSFO,2801,588.0,1646988.0,BP Marine,N
BNK1059-1,VYG1059,9512345,Port Said,2023-11-20,VLSFO,3069,635.89,1951546.41,TotalEnergies Marine,N
BNK1060-1,VYG1060,9512345,Busan,2023-12-19,VLSFO,2980,605.08,1803138.4,Peninsula Petroleum,N
BNK1061-1,VYG1061,9512345,Rotterdam,2024-01-11,VLSFO,2148,550.64,1182774.72,Vitol Bunkers,N
BNK1061-2,VYG1061,9512345,Gibraltar,2024-01-10,VLSFO,1011,581.64,588038.04,Monjasa,N
BNK1062-1,VYG1062,9512345,Las Palmas,2024-02-13,VLSFO,942,548.58,516762.36,Shell Marine,N
BNK1062-2,VYG1062,9512345,Fujairah,2024-02-17,VLSFO,3060,618.28,1891936.8,Vitol Bunkers,N
BNK1063-1,VYG1063,9512345,Singapore,2024-03-18,VLSFO,2347,628.51,1475112.97,TotalEnergies Marine,N
BNK1064-1,VYG1064,9512345,Hong Kong,2024-04-21,VLSFO,2388,567.69,1355643.72,Peninsula Petroleum,N
BNK1065-1,VYG1065,9512345,Port Said,2024-05-29,VLSFO,2015,602.32,1213674.8,Shell Marine,N
BNK1065-2,VYG1065,9512345,Las Palmas,2024-05-29,VLSFO,3101,573.94,1779787.94,BP Marine,N
BNK1066-1,VYG1066,9512345,Busan,2024-06-27,VLSFO,3043,621.75,1891985.25,Peninsula Petroleum,N
BNK1067-1,VYG1067,9512345,Singapore,2024-07-26,MDO,1767,865.6,1529515.2,Vitol Bunkers,N
BNK1068-1,VYG1068,9512345,Gibraltar,2024-08-30,VLSFO,3464,566.14,1961108.96,Vitol Bunkers,N
BNK1068-2,VYG1068,9512345,Singapore,2024-08-31,VLSFO,3222,566.01,1823684.22,Vitol Bunkers,N
BNK1069-1,VYG1069,9512345,Las Palmas,2024-10-02,VLSFO,2836,617.39,1750918.04,BP Marine,N
BNK1069-2,VYG1069,9512345,Rotterdam,2024-10-05,VLSFO,2320,600.19,1392440.8,Shell Marine,N
BNK1070-1,VYG1070,9512345,Singapore,2024-11-01,VLSFO,1727,566.98,979174.46,Monjasa,N
BNK1070-2,VYG1070,9512345,Las Palmas,2024-11-06,VLSFO,1950,582.64,1136148.0,TotalEnergies Marine,N
BNK1071-1,VYG1071,9512345,Rotterdam,2024-12-05,VLSFO,3309,546.15,1807210.35,BP Marine,N
BNK1071-2,VYG1071,9512345,Port Said,2024-12-04,VLSFO,828,560.05,463721.4,BP Marine,N
BNK1072-1,VYG1072,9523456,Rotterdam,2022-01-08,HSFO,1734,481.92,835649.28,Peninsula Petroleum,N
BNK1072-2,VYG1072,9523456,Busan,2022-01-11,HSFO,875,430.13,376363.75,Vitol Bunkers,N
BNK1073-1,VYG1073,9523456,Busan,2022-02-10,HSFO,3384,433.58,1467234.72,Peninsula Petroleum,N
BNK1073-2,VYG1073,9523456,Las Palmas,2022-02-15,MDO,2706,933.04,2524806.24,Peninsula Petroleum,Y
BNK1074-1,VYG1074,9523456,Busan,2022-03-10,HSFO,1682,491.83,827258.06,Shell Marine,N
BNK1074-2,VYG1074,9523456,Port Said,2022-03-15,HSFO,2752,480.04,1321070.08,TotalEnergies Marine,N
BNK1075-1,VYG1075,9523456,Las Palmas,2022-04-22,HSFO,2624,488.96,1283031.04,Monjasa,N
BNK1075-2,VYG1075,9523456,Busan,2022-04-21,HSFO,1258,453.2,570125.6,Vitol Bunkers,N
BNK1076-1,VYG1076,9523456,Las Palmas,2022-05-23,HSFO,2715,489.21,1328205.15,TotalEnergies Marine,N
BNK1077-1,VYG1077,9523456,Singapore,2022-06-21,HSFO,2466,471.47,1162645.02,Monjasa,N
BNK1078-1,VYG1078,9523456,Hong Kong,2022-07-20,HSFO,3426,467.32,1601038.32,Vitol Bunkers,N
BNK1078-2,VYG1078,9523456,Fujairah,2022-07-20,HSFO,3518,468.9,1649590.2,Vitol Bunkers,N
BNK1079-1,VYG1079,9523456,Gibraltar,2022-08-15,MDO,1450,856.12,1241374.0,TotalEnergies Marine,N
BNK1080-1,VYG1080,9523456,Rotterdam,2022-09-21,HSFO,1689,492.76,832271.64,Shell Marine,N
BNK1081-1,VYG1081,9523456,Las Palmas,2022-10-29,HSFO,1582,467.6,739743.2,Peninsula Petroleum,N
BNK1082-1,VYG1082,9523456,Rotterdam,2022-11-26,HSFO,1050,440.14,462147.0,Shell Marine,N
BNK1082-2,VYG1082,9523456,Busan,2022-12-02,HSFO,2005,451.36,904976.8,Vitol Bunkers,N
BNK1083-1,VYG1083,9523456,Rotterdam,2023-01-07,HSFO,3314,450.8,1493951.2,TotalEnergies Marine,Y
BNK1083-2,VYG1083,9523456,Port Said,2023-01-04,HSFO,3288,468.6,1540756.8,Vitol Bunkers,N
BNK1084-1,VYG1084,9523456,Las Palmas,2023-01-30,HSFO,2036,438.57,892928.52,Peninsula Petroleum,N
BNK1084-2,VYG1084,9523456,Las Palmas,2023-01-28,HSFO,1284,404.65,519570.6,Shell Marine,N
BNK1085-1,VYG1085,9523456,Hong Kong,2023-02-22,HSFO,1805,471.39,850858.95,TotalEnergies Marine,N
BNK1085-2,VYG1085,9523456,Rotterdam,2023-02-22,HSFO,1674,417.84,699464.16,TotalEnergies Marine,N
BNK1086-1,VYG1086,9523456,Rotterdam,2023-04-01,HSFO,2252,476.15,1072289.8,TotalEnergies Marine,N
BNK1087-1,VYG1087,9523456,Hong Kong,2023-04-28,HSFO,2994,429.28,1285264.32,BP Marine,N
BNK1088-1,VYG1088,9523456,Singapore,2023-05-29,HSFO,2937,413.75,1215183.75,TotalEnergies Marine,N
BNK1088-2,VYG1088,9523456,Las Palmas,2023-06-03,HSFO,2460,455.08,1119496.8,BP Marine,Y
BNK1089-1,VYG1089,9523456,Singapore,2023-06-26,HSFO,1830,463.39,848003.7,Peninsula Petroleum,Y
BNK1090-1,VYG1090,9523456,Las Palmas,2023-08-03,HSFO,2491,447.33,1114299.03,Shell Marine,N
BNK1090-2,VYG1090,9523456,Rotterdam,2023-08-02,HSFO,2415,475.95,1149419.25,BP Marine,N
BNK1091-1,VYG1091,9523456,Busan,2023-09-11,HSFO,3463,408.6,1414981.8,BP Marine,N
BNK1091-2,VYG1091,9523456,Rotterdam,2023-09-08,HSFO,2128,412.27,877310.56,BP Marine,N
BNK1092-1,VYG1092,9523456,Singapore,2023-10-21,HSFO,895,413.1,369724.5,Monjasa,N
BNK1093-1,VYG1093,9523456,Fujairah,2023-11-16,HSFO,1847,476.15,879449.05,Peninsula Petroleum,N
BNK1093-2,VYG1093,9523456,Rotterdam,2023-11-13,HSFO,1956,436.57,853930.92,Monjasa,N
BNK1094-1,VYG1094,9523456,Rotterdam,2023-12-17,HSFO,2748,449.43,1235033.64,BP Marine,N
BNK1094-2,VYG1094,9523456,Rotterdam,2023-12-15,HSFO,2454,471.49,1157036.46,Peninsula Petroleum,N
BNK1095-1,VYG1095,9523456,Hong Kong,2024-01-24,HSFO,1536,458.83,704762.88,TotalEnergies Marine,N
BNK1096-1,VYG1096,9523456,Gibraltar,2024-02-23,HSFO,2620,458.66,1201689.2,Vitol Bunkers,N
BNK1096-2,VYG1096,9523456,Busan,2024-02-25,HSFO,2821,435.9,1229673.9,BP Marine,N
BNK1097-1,VYG1097,9523456,Port Said,2024-03-30,HSFO,1324,407.92,540086.08,Vitol Bunkers,N
BNK1097-2,VYG1097,9523456,Gibraltar,2024-03-27,MDO,2752,880.0,2421760.0,TotalEnergies Marine,N
BNK1098-1,VYG1098,9523456,Busan,2024-04-28,HSFO,1186,430.84,510976.24,Vitol Bunkers,N
BNK1098-2,VYG1098,9523456,Hong Kong,2024-04-30,HSFO,2553,451.65,1153062.45,Monjasa,N
BNK1099-1,VYG1099,9523456,Rotterdam,2024-06-04,HSFO,2771,423.2,1172687.2,BP Marine,N
BNK1100-1,VYG1100,9523456,Rotterdam,2024-07-11,HSFO,1474,394.8,581935.2,TotalEnergies Marine,N
BNK1101-1,VYG1101,9523456,Busan,2024-08-04,HSFO,1978,421.87,834458.86,TotalEnergies Marine,N
BNK1102-1,VYG1102,9523456,Singapore,2024-09-03,HSFO,2010,386.63,777126.3,Peninsula Petroleum,N
BNK1102-2,VYG1102,9523456,Singapore,2024-08-30,HSFO,2599,440.51,1144885.49,TotalEnergies Marine,N
BNK1103-1,VYG1103,9523456,Rotterdam,2024-10-06,HSFO,1370,419.12,574194.4,TotalEnergies Marine,N
BNK1103-2,VYG1103,9523456,Rotterdam,2024-10-11,HSFO,2854,399.67,1140658.18,Vitol Bunkers,N
BNK1104-1,VYG1104,9523456,Gibraltar,2024-11-06,HSFO,2764,403.67,1115743.88,Vitol Bunkers,N
BNK1105-1,VYG1105,9523456,Fujairah,2024-12-05,MDO,2911,807.18,2349700.98,Vitol Bunkers,N
BNK1106-1,VYG1106,9523456,Las Palmas,2024-12-30,HSFO,1088,399.22,434351.36,BP Marine,N
BNK1107-1,VYG1107,9534567,Singapore,2022-01-06,VLSFO,777,707.47,549704.19,TotalEnergies Marine,N
BNK1107-2,VYG1107,9534567,Las Palmas,2022-01-04,VLSFO,1063,631.56,671348.28,Shell Marine,N
BNK1108-1,VYG1108,9534567,Las Palmas,2022-02-08,VLSFO,575,630.75,362681.25,BP Marine,N
BNK1109-1,VYG1109,9534567,Port Said,2022-03-09,VLSFO,1731,638.25,1104810.75,Vitol Bunkers,N
BNK1110-1,VYG1110,9534567,Rotterdam,2022-04-11,VLSFO,626,698.52,437273.52,Peninsula Petroleum,N
BNK1110-2,VYG1110,9534567,Fujairah,2022-04-08,VLSFO,997,700.12,698019.64,Shell Marine,N
BNK1111-1,VYG1111,9534567,Gibraltar,2022-05-09,VLSFO,924,618.26,571272.24,BP Marine,N
BNK1111-2,VYG1111,9534567,Hong Kong,2022-05-08,VLSFO,784,635.95,498584.8,Shell Marine,N
BNK1112-1,VYG1112,9534567,Gibraltar,2022-06-12,VLSFO,1072,715.1,766587.2,TotalEnergies Marine,N
BNK1113-1,VYG1113,9534567,Gibraltar,2022-07-13,VLSFO,507,653.02,331081.14,Vitol Bunkers,N
BNK1113-2,VYG1113,9534567,Busan,2022-07-14,VLSFO,1842,710.58,1308888.36,Shell Marine,N
BNK1114-1,VYG1114,9534567,Busan,2022-07-26,VLSFO,815,659.45,537451.75,Monjasa,N
BNK1114-2,VYG1114,9534567,Gibraltar,2022-07-31,VLSFO,1355,677.48,917985.4,Peninsula Petroleum,N
BNK1115-1,VYG1115,9534567,Hong Kong,2022-08-28,VLSFO,912,666.27,607638.24,Shell Marine,N
BNK1116-1,VYG1116,9534567,Gibraltar,2022-09-21,VLSFO,1516,626.88,950350.08,Monjasa,N
BNK1117-1,VYG1117,9534567,Singapore,2022-10-22,VLSFO,1140,668.5,762090.0,Monjasa,N
BNK1117-2,VYG1117,9534567,Singapore,2022-10-22,MDO,1243,859.05,1067799.15,Monjasa,N
BNK1118-1,VYG1118,9534567,Fujairah,2022-12-03,VLSFO,497,623.34,309799.98,Vitol Bunkers,N
BNK1118-2,VYG1118,9534567,Fujairah,2022-11-29,VLSFO,965,669.32,645893.8,Peninsula Petroleum,N
BNK1119-1,VYG1119,9534567,Las Palmas,2023-01-06,VLSFO,621,578.05,358969.05,TotalEnergies Marine,N
BNK1119-2,VYG1119,9534567,Las Palmas,2023-01-07,VLSFO,1734,620.2,1075426.8,Shell Marine,N
BNK1120-1,VYG1120,9534567,Singapore,2023-02-17,VLSFO,974,615.82,599808.68,Monjasa,N
BNK1120-2,VYG1120,9534567,Las Palmas,2023-02-10,VLSFO,1417,641.48,908977.16,BP Marine,N
BNK1121-1,VYG1121,9534567,Las Palmas,2023-03-22,VLSFO,661,656.81,434151.41,Peninsula Petroleum,N
BNK1121-2,VYG1121,9534567,Busan,2023-03-24,VLSFO,1344,633.47,851383.68,Peninsula Petroleum,N
BNK1122-1,VYG1122,9534567,Rotterdam,2023-04-21,VLSFO,483,620.09,299503.47,BP Marine,N
BNK1122-2,VYG1122,9534567,Busan,2023-04-23,VLSFO,1829,581.36,1063307.44,Shell Marine,N
BNK1123-1,VYG1123,9534567,Fujairah,2023-05-25,VLSFO,1668,599.12,999332.16,BP Marine,N
BNK1124-1,VYG1124,9534567,Las Palmas,2023-06-21,VLSFO,1512,626.56,947358.72,TotalEnergies Marine,N
BNK1124-2,VYG1124,9534567,Busan,2023-06-22,VLSFO,525,625.32,328293.0,TotalEnergies Marine,N
BNK1125-1,VYG1125,9534567,Gibraltar,2023-07-28,VLSFO,838,605.29,507233.02,TotalEnergies Marine,N
BNK1125-2,VYG1125,9534567,Fujairah,2023-07-28,VLSFO,972,580.42,564168.24,Peninsula Petroleum,N
BNK1126-1,VYG1126,9534567,Singapore,2023-09-03,VLSFO,629,608.15,382526.35,TotalEnergies Marine,N
BNK1127-1,VYG1127,9534567,Hong Kong,2023-10-13,VLSFO,1287,628.07,808326.09,Peninsula Petroleum,N
BNK1127-2,VYG1127,9534567,Hong Kong,2023-10-14,VLSFO,568,597.44,339345.92,TotalEnergies Marine,Y
BNK1128-1,VYG1128,9534567,Busan,2023-11-14,MDO,1032,895.46,924114.72,Peninsula Petroleum,N
BNK1128-2,VYG1128,9534567,Port Said,2023-11-18,VLSFO,857,604.37,517945.09,Shell Marine,N
BNK1129-1,VYG1129,9534567,Singapore,2023-12-15,VLSFO,909,605.22,550144.98,Vitol Bunkers,N
BNK1129-2,VYG1129,9534567,Rotterdam,2023-12-10,VLSFO,705,655.27,461965.35,Monjasa,N
BNK1130-1,VYG1130,9534567,Singapore,2024-01-20,VLSFO,848,599.75,508588.0,Shell Marine,N
BNK1131-1,VYG1131,9534567,Port Said,2024-02-14,VLSFO,1155,555.88,642041.4,TotalEnergies Marine,N
BNK1131-2,VYG1131,9534567,Hong Kong,2024-02-08,VLSFO,1659,586.77,973451.43,BP Marine,N
BNK1132-1,VYG1132,9534567,Las Palmas,2024-03-22,VLSFO,1596,608.84,971708.64,Vitol Bunkers,N
BNK1132-2,VYG1132,9534567,Las Palmas,2024-03-25,VLSFO,1334,617.16,823291.44,Monjasa,N
BNK1133-1,VYG1133,9534567,Port Said,2024-04-26,MDO,502,829.07,416193.14,Peninsula Petroleum,N
BNK1133-2,VYG1133,9534567,Fujairah,2024-04-30,MDO,1192,784.39,934992.88,Shell Marine,N
BNK1134-1,VYG1134,9534567,Hong Kong,2024-06-01,VLSFO,1167,603.52,704307.84,TotalEnergies Marine,N
BNK1135-1,VYG1135,9534567,Rotterdam,2024-06-24,VLSFO,1438,550.8,792050.4,Shell Marine,N
BNK1135-2,VYG1135,9534567,Busan,2024-06-28,VLSFO,453,596.57,270246.21,Shell Marine,N
BNK1136-1,VYG1136,9534567,Gibraltar,2024-08-03,VLSFO,521,547.3,285143.3,Peninsula Petroleum,N
BNK1136-2,VYG1136,9534567,Hong Kong,2024-08-04,VLSFO,815,595.13,485030.95,Monjasa,N
BNK1137-1,VYG1137,9534567,Rotterdam,2024-09-01,VLSFO,832,589.94,490830.08,Peninsula Petroleum,N
BNK1137-2,VYG1137,9534567,Las Palmas,2024-09-01,VLSFO,894,579.55,518117.7,TotalEnergies Marine,N
BNK1138-1,VYG1138,9534567,Singapore,2024-09-29,VLSFO,963,567.37,546377.31,Monjasa,N
BNK1138-2,VYG1138,9534567,Las Palmas,2024-10-02,VLSFO,1319,596.13,786295.47,Vitol Bunkers,N
BNK1139-1,VYG1139,9534567,Port Said,2024-11-03,VLSFO,669,553.27,370137.63,BP Marine,N
BNK1139-2,VYG1139,9534567,Fujairah,2024-11-02,MDO,1351,796.36,1075882.36,Peninsula Petroleum,N
BNK1140-1,VYG1140,9534567,Hong Kong,2024-12-13,VLSFO,775,553.13,428675.75,Monjasa,N
BNK1140-2,VYG1140,9534567,Port Said,2024-12-15,VLSFO,1185,608.23,720752.55,Peninsula Petroleum,N
BNK1141-1,VYG1141,9545678,Port Said,2022-01-03,VLSFO,1306,709.84,927051.04,Peninsula Petroleum,N
BNK1142-1,VYG1142,9545678,Busan,2022-01-26,MDO,1000,892.56,892560.0,BP Marine,N
BNK1142-2,VYG1142,9545678,Singapore,2022-01-30,VLSFO,628,697.63,438111.64,Vitol Bunkers,N
BNK1143-1,VYG1143,9545678,Busan,2022-03-07,VLSFO,1640,664.72,1090140.8,Shell Marine,N
BNK1144-1,VYG1144,9545678,Las Palmas,2022-04-08,VLSFO,904,718.41,649442.64,Peninsula Petroleum,N
BNK1144-2,VYG1144,9545678,Singapore,2022-04-08,VLSFO,1148,688.04,789869.92,Monjasa,N
BNK1145-1,VYG1145,9545678,Port Said,2022-05-12,VLSFO,733,611.43,448178.19,BP Marine,N
BNK1145-2,VYG1145,9545678,Rotterdam,2022-05-08,VLSFO,1656,677.05,1121194.8,TotalEnergies Marine,N
BNK1146-1,VYG1146,9545678,Singapore,2022-06-14,VLSFO,662,618.21,409255.02,BP Marine,N
BNK1146-2,VYG1146,9545678,Gibraltar,2022-06-13,VLSFO,1384,637.06,881691.04,Vitol Bunkers,N
BNK1147-1,VYG1147,9545678,Las Palmas,2022-07-17,VLSFO,1371,634.52,869926.92,Vitol Bunkers,N
BNK1147-2,VYG1147,9545678,Rotterdam,2022-07-23,VLSFO,1581,704.63,1114020.03,Monjasa,N
BNK1148-1,VYG1148,9545678,Singapore,2022-08-17,VLSFO,1404,668.11,938026.44,TotalEnergies Marine,N
BNK1149-1,VYG1149,9545678,Busan,2022-09-11,VLSFO,597,693.63,414097.11,Monjasa,Y
BNK1149-2,VYG1149,9545678,Hong Kong,2022-09-12,VLSFO,1697,687.44,1166585.68,Monjasa,Y
BNK1150-1,VYG1150,9545678,Las Palmas,2022-10-18,VLSFO,1497,655.94,981942.18,Peninsula Petroleum,N
BNK1151-1,VYG1151,9545678,Busan,2022-11-13,VLSFO,704,689.35,485302.4,Peninsula Petroleum,N
BNK1152-1,VYG1152,9545678,Rotterdam,2022-12-04,VLSFO,659,615.12,405364.08,Monjasa,N
BNK1153-1,VYG1153,9545678,Rotterdam,2023-01-20,VLSFO,668,595.05,397493.4,BP Marine,N
BNK1153-2,VYG1153,9545678,Fujairah,2023-01-21,VLSFO,1458,610.09,889511.22,Shell Marine,N
BNK1154-1,VYG1154,9545678,Port Said,2023-02-19,VLSFO,1170,629.1,736047.0,BP Marine,N
BNK1154-2,VYG1154,9545678,Gibraltar,2023-02-20,VLSFO,1770,594.85,1052884.5,TotalEnergies Marine,N
BNK1155-1,VYG1155,9545678,Port Said,2023-03-25,MDO,1192,900.2,1073038.4,Shell Marine,N
BNK1155-2,VYG1155,9545678,Port Said,2023-03-25,VLSFO,898,632.42,567913.16,BP Marine,N
BNK1156-1,VYG1156,9545678,Singapore,2023-04-25,VLSFO,1307,628.99,822089.93,Monjasa,N
BNK1156-2,VYG1156,9545678,Rotterdam,2023-04-27,VLSFO,476,588.21,279987.96,BP Marine,N
BNK1157-1,VYG1157,9545678,Las Palmas,2023-05-26,VLSFO,1061,649.07,688663.27,Monjasa,N
BNK1157-2,VYG1157,9545678,Fujairah,2023-05-23,VLSFO,1363,603.88,823088.44,Shell Marine,N
BNK1158-1,VYG1158,9545678,Port Said,2023-07-08,VLSFO,1345,601.58,809125.1,Peninsula Petroleum,N
BNK1159-1,VYG1159,9545678,Hong Kong,2023-07-29,VLSFO,685,613.49,420240.65,Monjasa,N
BNK1159-2,VYG1159,9545678,Busan,2023-08-01,VLSFO,1611,617.98,995565.78,Peninsula Petroleum,N
BNK1160-1,VYG1160,9545678,Port Said,2023-09-05,VLSFO,1073,607.3,651632.9,Vitol Bunkers,N
BNK1161-1,VYG1161,9545678,Hong Kong,2023-10-15,VLSFO,980,586.26,574534.8,TotalEnergies Marine,N
BNK1161-2,VYG1161,9545678,Fujairah,2023-10-11,VLSFO,622,590.13,367060.86,BP Marine,N
BNK1162-1,VYG1162,9545678,Busan,2023-10-31,VLSFO,1323,632.15,836334.45,Vitol Bunkers,N
BNK1162-2,VYG1162,9545678,Rotterdam,2023-10-29,VLSFO,1110,578.36,641979.6,TotalEnergies Marine,N
BNK1163-1,VYG1163,9545678,Las Palmas,2023-12-11,VLSFO,1295,610.34,790390.3,Peninsula Petroleum,N
BNK1164-1,VYG1164,9545678,Las Palmas,2023-12-31,MDO,1662,904.02,1502481.24,Vitol Bunkers,N
BNK1164-2,VYG1164,9545678,Las Palmas,2023-12-27,VLSFO,635,584.03,370859.05,Monjasa,N
BNK1165-1,VYG1165,9545678,Las Palmas,2024-01-24,VLSFO,1654,585.3,968086.2,BP Marine,N
BNK1165-2,VYG1165,9545678,Port Said,2024-01-29,VLSFO,723,578.55,418291.65,Vitol Bunkers,N
BNK1166-1,VYG1166,9545678,Singapore,2024-02-12,VLSFO,1721,629.48,1083335.08,Shell Marine,N
BNK1166-2,VYG1166,9545678,Hong Kong,2024-02-13,VLSFO,1170,555.46,649888.2,Monjasa,N
BNK1167-1,VYG1167,9545678,Rotterdam,2024-03-20,VLSFO,1686,623.24,1050782.64,TotalEnergies Marine,N
BNK1167-2,VYG1167,9545678,Las Palmas,2024-03-14,MDO,750,887.93,665947.5,BP Marine,N
BNK1168-1,VYG1168,9545678,Busan,2024-04-12,VLSFO,436,556.38,242581.68,Monjasa,N
BNK1168-2,VYG1168,9545678,Port Said,2024-04-08,VLSFO,528,618.1,326356.8,Vitol Bunkers,N
BNK1169-1,VYG1169,9545678,Hong Kong,2024-05-08,VLSFO,1525,577.99,881434.75,Monjasa,N
BNK1169-2,VYG1169,9545678,Gibraltar,2024-05-13,VLSFO,1217,574.34,698971.78,BP Marine,N
BNK1170-1,VYG1170,9545678,Fujairah,2024-06-01,VLSFO,1480,607.78,899514.4,Shell Marine,N
BNK1171-1,VYG1171,9545678,Busan,2024-07-13,VLSFO,1498,544.9,816260.2,TotalEnergies Marine,N
BNK1171-2,VYG1171,9545678,Singapore,2024-07-15,VLSFO,950,560.11,532104.5,Vitol Bunkers,N
BNK1172-1,VYG1172,9545678,Port Said,2024-08-07,VLSFO,1255,600.46,753577.3,Peninsula Petroleum,N
BNK1172-2,VYG1172,9545678,Hong Kong,2024-08-09,VLSFO,979,624.14,611033.06,TotalEnergies Marine,N
BNK1173-1,VYG1173,9545678,Fujairah,2024-09-12,VLSFO,711,598.41,425469.51,Monjasa,N
BNK1173-2,VYG1173,9545678,Las Palmas,2024-09-12,VLSFO,1384,610.3,844655.2,Monjasa,N
BNK1174-1,VYG1174,9545678,Hong Kong,2024-10-26,VLSFO,1309,626.94,820664.46,Monjasa,N
BNK1174-2,VYG1174,9545678,Port Said,2024-10-26,VLSFO,1320,556.06,733999.2,Monjasa,N
BNK1175-1,VYG1175,9545678,Singapore,2024-11-27,VLSFO,1101,540.98,595618.98,BP Marine,N
BNK1176-1,VYG1176,9545678,Hong Kong,2025-01-05,MDO,1338,650.04,869753.52,TotalEnergies Marine,N
BNK1177-1,VYG1177,9556789,Las Palmas,2022-01-06,HSFO,801,498.25,399098.25,Monjasa,N
BNK1178-1,VYG1178,9556789,Rotterdam,2022-01-29,MDO,1456,915.51,1332982.56,BP Marine,N
BNK1179-1,VYG1179,9556789,Hong Kong,2022-02-28,HSFO,1211,463.11,560826.21,Monjasa,N
BNK1179-2,VYG1179,9556789,Fujairah,2022-02-22,HSFO,1352,464.55,628071.6,BP Marine,N
BNK1180-1,VYG1180,9556789,Busan,2022-04-01,HSFO,661,483.36,319500.96,Monjasa,N
BNK1181-1,VYG1181,9556789,Rotterdam,2022-05-11,HSFO,1074,452.29,485759.46,TotalEnergies Marine,N
BNK1181-2,VYG1181,9556789,Las Palmas,2022-05-09,MDO,1444,918.65,1326530.6,BP Marine,N
BNK1182-1,VYG1182,9556789,Port Said,2022-06-12,HSFO,1005,493.7,496168.5,Monjasa,N
BNK1182-2,VYG1182,9556789,Busan,2022-06-12,HSFO,1590,458.21,728553.9,Peninsula Petroleum,N
BNK1183-1,VYG1183,9556789,Busan,2022-07-18,HSFO,1641,492.29,807847.89,Shell Marine,N
BNK1183-2,VYG1183,9556789,Singapore,2022-07-20,HSFO,783,447.04,350032.32,Vitol Bunkers,N
BNK1184-1,VYG1184,9556789,Fujairah,2022-08-31,HSFO,738,432.58,319244.04,Monjasa,N
BNK1185-1,VYG1185,9556789,Gibraltar,2022-10-07,HSFO,1368,475.49,650470.32,Peninsula Petroleum,N
BNK1186-1,VYG1186,9556789,Busan,2022-11-15,HSFO,1665,481.68,801997.2,BP Marine,N
BNK1186-2,VYG1186,9556789,Hong Kong,2022-11-16,HSFO,1593,476.75,759462.75,BP Marine,N
BNK1187-1,VYG1187,9556789,Gibraltar,2022-12-07,HSFO,1057,500.45,528975.65,Shell Marine,N
BNK1187-2,VYG1187,9556789,Singapore,2022-12-09,HSFO,797,469.0,373793.0,BP Marine,N
BNK1188-1,VYG1188,9556789,Las Palmas,2023-01-16,HSFO,1750,436.45,763787.5,Vitol Bunkers,N
BNK1189-1,VYG1189,9556789,Gibraltar,2023-02-09,HSFO,741,458.89,340037.49,Vitol Bunkers,N
BNK1189-2,VYG1189,9556789,Busan,2023-02-03,HSFO,776,470.87,365395.12,Peninsula Petroleum,N
BNK1190-1,VYG1190,9556789,Rotterdam,2023-02-25,HSFO,1441,440.53,634803.73,Monjasa,N
BNK1191-1,VYG1191,9556789,Las Palmas,2023-04-09,HSFO,433,416.46,180327.18,Peninsula Petroleum,N
BNK1192-1,VYG1192,9556789,Hong Kong,2023-05-14,HSFO,1160,459.8,533368.0,TotalEnergies Marine,N
BNK1193-1,VYG1193,9556789,Busan,2023-06-14,MDO,576,826.34,475971.84,Monjasa,N
BNK1194-1,VYG1194,9556789,Las Palmas,2023-07-17,HSFO,1778,419.18,745302.04,Peninsula Petroleum,N
BNK1194-2,VYG1194,9556789,Port Said,2023-07-13,HSFO,1454,400.91,582923.14,Monjasa,N
BNK1195-1,VYG1195,9556789,Gibraltar,2023-08-24,HSFO,686,444.71,305071.06,TotalEnergies Marine,N
BNK1196-1,VYG1196,9556789,Gibraltar,2023-09-24,HSFO,871,476.28,414839.88,TotalEnergies Marine,N
BNK1197-1,VYG1197,9556789,Gibraltar,2023-10-26,HSFO,1657,453.13,750836.41,Peninsula Petroleum,N
BNK1198-1,VYG1198,9556789,Las Palmas,2023-11-18,HSFO,546,443.65,242232.9,Vitol Bunkers,N
BNK1198-2,VYG1198,9556789,Port Said,2023-11-21,HSFO,1518,467.83,710165.94,TotalEnergies Marine,N
BNK1199-1,VYG1199,9556789,Hong Kong,2023-12-26,HSFO,989,442.73,437859.97,Vitol Bunkers,N
BNK1200-1,VYG1200,9556789,Rotterdam,2024-01-25,HSFO,1155,454.93,525444.15,TotalEnergies Marine,N
BNK1200-2,VYG1200,9556789,Singapore,2024-01-27,HSFO,861,428.47,368912.67,TotalEnergies Marine,N
BNK1201-1,VYG1201,9556789,Port Said,2024-02-23,MDO,916,869.54,796498.64,Peninsula Petroleum,N
BNK1202-1,VYG1202,9556789,Gibraltar,2024-03-25,HSFO,708,413.65,292864.2,Monjasa,N
BNK1203-1,VYG1203,9556789,Port Said,2024-04-20,HSFO,1095,434.34,475602.3,BP Marine,N
BNK1204-1,VYG1204,9556789,Gibraltar,2024-06-03,HSFO,786,428.59,336871.74,BP Marine,N
BNK1204-2,VYG1204,9556789,Gibraltar,2024-06-01,HSFO,1035,458.35,474392.25,Peninsula Petroleum,N
BNK1205-1,VYG1205,9556789,Singapore,2024-06-27,HSFO,657,394.28,259041.96,Vitol Bunkers,N
BNK1206-1,VYG1206,9556789,Busan,2024-07-28,HSFO,1343,406.34,545714.62,Shell Marine,N
BNK1207-1,VYG1207,9556789,Rotterdam,2024-08-26,HSFO,1153,441.65,509222.45,Shell Marine,N
BNK1208-1,VYG1208,9556789,Rotterdam,2024-09-28,MDO,1554,823.91,1280356.14,Vitol Bunkers,N
BNK1208-2,VYG1208,9556789,Busan,2024-09-28,HSFO,1805,413.79,746890.95,Vitol Bunkers,N
BNK1209-1,VYG1209,9556789,Port Said,2024-10-25,HSFO,1489,452.96,674457.44,TotalEnergies Marine,N
BNK1209-2,VYG1209,9556789,Fujairah,2024-10-22,HSFO,653,396.33,258803.49,Shell Marine,N
BNK1210-1,VYG1210,9556789,Gibraltar,2024-11-28,HSFO,1730,405.1,700823.0,Monjasa,N
BNK1210-2,VYG1210,9556789,Fujairah,2024-11-27,HSFO,708,390.12,276204.96,BP Marine,N
BNK1211-1,VYG1211,9567890,Rotterdam,2022-01-09,VLSFO,1109,671.28,744449.52,Shell Marine,N
BNK1211-2,VYG1211,9567890,Hong Kong,2022-01-04,MDO,582,977.9,569137.8,Vitol Bunkers,N
BNK1212-1,VYG1212,9567890,Port Said,2022-02-06,VLSFO,1083,674.24,730201.92,Shell Marine,N
BNK1212-2,VYG1212,9567890,Singapore,2022-02-05,VLSFO,830,640.11,531291.3,TotalEnergies Marine,N
BNK1213-1,VYG1213,9567890,Busan,2022-02-22,VLSFO,642,690.16,443082.72,BP Marine,N
BNK1213-2,VYG1213,9567890,Busan,2022-02-26,VLSFO,748,620.71,464291.08,TotalEnergies Marine,N
BNK1214-1,VYG1214,9567890,Singapore,2022-03-21,VLSFO,1102,667.82,735937.64,TotalEnergies Marine,N
BNK1214-2,VYG1214,9567890,Busan,2022-03-26,VLSFO,827,645.62,533927.74,Peninsula Petroleum,N
BNK1215-1,VYG1215,9567890,Rotterdam,2022-04-13,VLSFO,1211,624.89,756741.79,Shell Marine,N
BNK1215-2,VYG1215,9567890,Port Said,2022-04-13,VLSFO,497,656.99,326524.03,Monjasa,N
BNK1216-1,VYG1216,9567890,Gibraltar,2022-05-15,VLSFO,407,683.18,278054.26,BP Marine,N
BNK1216-2,VYG1216,9567890,Hong Kong,2022-05-09,VLSFO,505,690.32,348611.6,Vitol Bunkers,N
BNK1217-1,VYG1217,9567890,Singapore,2022-06-04,VLSFO,1271,645.78,820786.38,Vitol Bunkers,N
BNK1218-1,VYG1218,9567890,Rotterdam,2022-07-02,VLSFO,504,658.92,332095.68,BP Marine,N
BNK1219-1,VYG1219,9567890,Gibraltar,2022-08-18,VLSFO,725,708.08,513358.0,Shell Marine,N
BNK1219-2,VYG1219,9567890,Gibraltar,2022-08-19,VLSFO,1241,625.51,776257.91,Vitol Bunkers,N
BNK1220-1,VYG1220,9567890,Las Palmas,2022-09-15,VLSFO,486,620.33,301480.38,TotalEnergies Marine,N
BNK1220-2,VYG1220,9567890,Fujairah,2022-09-19,VLSFO,884,717.74,634482.16,TotalEnergies Marine,N
BNK1221-1,VYG1221,9567890,Gibraltar,2022-10-14,VLSFO,447,623.13,278539.11,Shell Marine,N
BNK1222-1,VYG1222,9567890,Busan,2022-11-11,VLSFO,603,626.04,377502.12,TotalEnergies Marine,N
BNK1223-1,VYG1223,9567890,Port Said,2022-12-14,VLSFO,886,712.72,631469.92,Peninsula Petroleum,N
BNK1223-2,VYG1223,9567890,Port Said,2022-12-15,VLSFO,823,698.75,575071.25,TotalEnergies Marine,N
BNK1224-1,VYG1224,9567890,Gibraltar,2023-01-21,VLSFO,1087,618.59,672407.33,BP Marine,N
BNK1225-1,VYG1225,9567890,Busan,2023-02-22,VLSFO,1011,630.31,637243.41,Peninsula Petroleum,N
BNK1226-1,VYG1226,9567890,Las Palmas,2023-04-10,MDO,542,820.25,444575.5,Vitol Bunkers,N
BNK1227-1,VYG1227,9567890,Busan,2023-05-11,VLSFO,976,590.79,576611.04,Monjasa,N
BNK1228-1,VYG1228,9567890,Gibraltar,2023-06-22,VLSFO,456,593.26,270526.56,BP Marine,N
BNK1229-1,VYG1229,9567890,Singapore,2023-07-31,VLSFO,706,590.95,417210.7,Monjasa,N
BNK1229-2,VYG1229,9567890,Las Palmas,2023-07-27,VLSFO,327,657.58,215028.66,Shell Marine,N
BNK1230-1,VYG1230,9567890,Singapore,2023-09-05,MDO,1187,886.26,1051990.62,Shell Marine,N
BNK1231-1,VYG1231,9567890,Gibraltar,2023-10-02,VLSFO,1252,578.94,724832.88,Monjasa,N
BNK1232-1,VYG1232,9567890,Rotterdam,2023-10-21,VLSFO,1095,659.48,722130.6,TotalEnergies Marine,N
BNK1232-2,VYG1232,9567890,Busan,2023-10-22,VLSFO,1262,600.93,758373.66,Shell Marine,N
BNK1233-1,VYG1233,9567890,Busan,2023-12-07,VLSFO,475,588.51,279542.25,Shell Marine,N
BNK1233-2,VYG1233,9567890,Busan,2023-12-06,VLSFO,382,646.58,246993.56,Shell Marine,N
BNK1234-1,VYG1234,9567890,Hong Kong,2023-12-31,VLSFO,647,652.03,421863.41,Vitol Bunkers,N
BNK1234-2,VYG1234,9567890,Busan,2023-12-28,VLSFO,885,583.33,516247.05,Peninsula Petroleum,N
BNK1235-1,VYG1235,9567890,Fujairah,2024-01-28,VLSFO,539,566.8,305505.2,Vitol Bunkers,N
BNK1236-1,VYG1236,9567890,Fujairah,2024-02-27,VLSFO,1133,590.81,669387.73,Peninsula Petroleum,N
BNK1236-2,VYG1236,9567890,Singapore,2024-03-01,VLSFO,767,551.54,423031.18,Shell Marine,N
BNK1237-1,VYG1237,9567890,Singapore,2024-03-28,VLSFO,914,552.14,504655.96,Monjasa,N
BNK1237-2,VYG1237,9567890,Singapore,2024-03-25,MDO,576,863.45,497347.2,Vitol Bunkers,Y
BNK1238-1,VYG1238,9567890,Hong Kong,2024-05-05,VLSFO,354,569.75,201691.5,BP Marine,Y
BNK1239-1,VYG1239,9567890,Hong Kong,2024-06-01,VLSFO,1081,549.02,593490.62,TotalEnergies Marine,N
BNK1240-1,VYG1240,9567890,Hong Kong,2024-07-04,MDO,815,851.94,694331.1,Vitol Bunkers,N
BNK1240-2,VYG1240,9567890,Hong Kong,2024-07-03,VLSFO,1094,610.04,667383.76,Vitol Bunkers,N
BNK1241-1,VYG1241,9567890,Rotterdam,2024-08-04,VLSFO,452,584.59,264234.68,Peninsula Petroleum,Y
BNK1241-2,VYG1241,9567890,Singapore,2024-08-08,VLSFO,498,596.86,297236.28,BP Marine,N
BNK1242-1,VYG1242,9567890,Hong Kong,2024-09-08,MDO,869,856.41,744220.29,Monjasa,N
BNK1243-1,VYG1243,9567890,Gibraltar,2024-10-15,VLSFO,406,553.21,224603.26,Shell Marine,N
BNK1244-1,VYG1244,9567890,Port Said,2024-11-14,VLSFO,1245,622.86,775460.7,Vitol Bunkers,N
BNK1245-1,VYG1245,9567890,Hong Kong,2024-12-18,VLSFO,1030,599.67,617660.1,Monjasa,Y
BNK1245-2,VYG1245,9567890,Gibraltar,2024-12-22,VLSFO,512,573.37,293565.44,BP Marine,N
BNK1246-1,VYG1246,9578901,Rotterdam,2022-01-07,VLSFO,610,668.3,407663.0,TotalEnergies Marine,N
BNK1247-1,VYG1247,9578901,Singapore,2022-02-03,VLSFO,374,680.69,254578.06,Shell Marine,N
BNK1247-2,VYG1247,9578901,Hong Kong,2022-01-31,VLSFO,1175,705.87,829397.25,Monjasa,N
BNK1248-1,VYG1248,9578901,Fujairah,2022-03-08,VLSFO,446,651.11,290395.06,BP Marine,N
BNK1249-1,VYG1249,9578901,Singapore,2022-04-04,VLSFO,469,639.82,300075.58,Monjasa,N
BNK1250-1,VYG1250,9578901,Fujairah,2022-05-05,VLSFO,605,665.13,402403.65,BP Marine,N
BNK1251-1,VYG1251,9578901,Hong Kong,2022-05-27,VLSFO,733,712.28,522101.24,Vitol Bunkers,N
BNK1251-2,VYG1251,9578901,Gibraltar,2022-05-27,VLSFO,861,657.0,565677.0,Shell Marine,N
BNK1252-1,VYG1252,9578901,Port Said,2022-07-07,VLSFO,946,688.17,651008.82,BP Marine,N
BNK1253-1,VYG1253,9578901,Las Palmas,2022-08-03,VLSFO,562,712.57,400464.34,Monjasa,N
BNK1254-1,VYG1254,9578901,Las Palmas,2022-09-06,VLSFO,387,696.4,269506.8,BP Marine,N
BNK1255-1,VYG1255,9578901,Rotterdam,2022-10-18,VLSFO,1217,636.52,774644.84,Peninsula Petroleum,N
BNK1256-1,VYG1256,9578901,Hong Kong,2022-11-22,VLSFO,1220,639.18,779799.6,TotalEnergies Marine,N
BNK1256-2,VYG1256,9578901,Rotterdam,2022-11-25,VLSFO,464,628.91,291814.24,Peninsula Petroleum,N
BNK1257-1,VYG1257,9578901,Busan,2022-12-16,VLSFO,332,695.24,230819.68,Shell Marine,N
BNK1258-1,VYG1258,9578901,Hong Kong,2023-01-07,MDO,1135,823.39,934547.65,Monjasa,N
BNK1259-1,VYG1259,9578901,Hong Kong,2023-02-10,VLSFO,415,631.87,262226.05,Vitol Bunkers,N
BNK1259-2,VYG1259,9578901,Hong Kong,2023-02-11,VLSFO,1258,646.41,813183.78,BP Marine,N
BNK1260-1,VYG1260,9578901,Busan,2023-03-18,VLSFO,1231,610.77,751857.87,BP Marine,N
BNK1260-2,VYG1260,9578901,Port Said,2023-03-16,VLSFO,1163,594.99,691973.37,Peninsula Petroleum,N
BNK1261-1,VYG1261,9578901,Busan,2023-04-19,VLSFO,918,594.32,545585.76,Shell Marine,N
BNK1262-1,VYG1262,9578901,Hong Kong,2023-05-26,VLSFO,669,591.81,395920.89,Monjasa,N
BNK1263-1,VYG1263,9578901,Hong Kong,2023-06-26,VLSFO,1294,583.28,754764.32,BP Marine,N
BNK1264-1,VYG1264,9578901,Las Palmas,2023-07-25,VLSFO,1033,598.17,617909.61,Peninsula Petroleum,Y
BNK1265-1,VYG1265,9578901,Busan,2023-09-04,VLSFO,602,596.08,358840.16,TotalEnergies Marine,N
BNK1266-1,VYG1266,9578901,Gibraltar,2023-10-10,VLSFO,1274,615.34,783943.16,Shell Marine,N
BNK1266-2,VYG1266,9578901,Fujairah,2023-10-16,VLSFO,963,620.09,597146.67,Shell Marine,N
BNK1267-1,VYG1267,9578901,Gibraltar,2023-11-24,VLSFO,518,655.41,339502.38,Vitol Bunkers,N
BNK1268-1,VYG1268,9578901,Las Palmas,2024-01-04,VLSFO,369,576.93,212887.17,TotalEnergies Marine,N
BNK1269-1,VYG1269,9578901,Fujairah,2024-01-29,MDO,900,836.84,753156.0,BP Marine,N
BNK1269-2,VYG1269,9578901,Singapore,2024-01-29,MDO,1334,813.09,1084662.06,Peninsula Petroleum,N
BNK1270-1,VYG1270,9578901,Busan,2024-03-01,MDO,1097,821.76,901470.72,BP Marine,N
BNK1271-1,VYG1271,9578901,Gibraltar,2024-03-27,VLSFO,936,614.61,575274.96,Vitol Bunkers,N
BNK1272-1,VYG1272,9578901,Las Palmas,2024-04-19,MDO,583,841.91,490833.53,TotalEnergies Marine,N
BNK1272-2,VYG1272,9578901,Las Palmas,2024-04-19,VLSFO,709,551.62,391098.58,TotalEnergies Marine,N
BNK1273-1,VYG1273,9578901,Busan,2024-06-04,VLSFO,1255,567.05,711647.75,Vitol Bunkers,N
BNK1273-2,VYG1273,9578901,Busan,2024-06-02,VLSFO,727,627.1,455901.7,TotalEnergies Marine,N
BNK1274-1,VYG1274,9578901,Las Palmas,2024-06-20,MDO,942,875.02,824268.84,TotalEnergies Marine,N
BNK1275-1,VYG1275,9578901,Gibraltar,2024-07-11,VLSFO,1064,592.52,630441.28,Peninsula Petroleum,N
BNK1275-2,VYG1275,9578901,Port Said,2024-07-10,VLSFO,689,545.57,375897.73,Monjasa,N
BNK1276-1,VYG1276,9578901,Hong Kong,2024-07-31,MDO,1181,784.09,926010.29,TotalEnergies Marine,N
BNK1277-1,VYG1277,9578901,Las Palmas,2024-09-04,VLSFO,824,553.44,456034.56,BP Marine,N
BNK1277-2,VYG1277,9578901,Gibraltar,2024-09-03,VLSFO,531,547.03,290472.93,Vitol Bunkers,N
BNK1278-1,VYG1278,9578901,Las Palmas,2024-09-26,VLSFO,715,602.35,430680.25,TotalEnergies Marine,N
BNK1278-2,VYG1278,9578901,Busan,2024-09-28,VLSFO,956,559.64,535015.84,Peninsula Petroleum,N
BNK1279-1,VYG1279,9578901,Busan,2024-10-22,VLSFO,710,557.13,395562.3,Vitol Bunkers,N
BNK1280-1,VYG1280,9578901,Las Palmas,2024-11-27,VLSFO,1225,571.92,700602.0,BP Marine,N
BNK1281-1,VYG1281,9578901,Busan,2024-12-24,VLSFO,706,603.36,425972.16,BP Marine,N
BNK1282-1,VYG1282,9590000,Fujairah,2022-01-06,MDO,1936,925.06,1790916.16,Monjasa,N
BNK1282-2,VYG1282,9590000,Singapore,2022-01-07,VLSFO,1936,693.34,1342306.24,Peninsula Petroleum,N
BNK1283-1,VYG1283,9590000,Fujairah,2022-02-05,VLSFO,2418,718.55,1737453.9,Vitol Bunkers,N
BNK1283-2,VYG1283,9590000,Gibraltar,2022-02-08,VLSFO,1269,685.84,870330.96,Shell Marine,N
BNK1284-1,VYG1284,9590000,Fujairah,2022-03-03,VLSFO,1342,708.03,950176.26,BP Marine,N
BNK1285-1,VYG1285,9590000,Las Palmas,2022-03-26,VLSFO,1096,621.88,681580.48,Shell Marine,N
BNK1286-1,VYG1286,9590000,Busan,2022-04-27,VLSFO,2063,636.9,1313924.7,Peninsula Petroleum,N
BNK1286-2,VYG1286,9590000,Fujairah,2022-04-25,VLSFO,811,648.62,526030.82,Monjasa,N
BNK1287-1,VYG1287,9590000,Fujairah,2022-05-20,VLSFO,807,686.6,554086.2,Shell Marine,N
BNK1287-2,VYG1287,9590000,Port Said,2022-05-25,VLSFO,1053,718.86,756959.58,Monjasa,N
BNK1288-1,VYG1288,9590000,Fujairah,2022-06-24,MDO,1084,943.7,1022970.8,Monjasa,N
BNK1288-2,VYG1288,9590000,Hong Kong,2022-06-23,VLSFO,2883,678.66,1956576.78,BP Marine,N
BNK1289-1,VYG1289,9590000,Singapore,2022-07-27,VLSFO,991,626.45,620811.95,Monjasa,N
BNK1289-2,VYG1289,9590000,Gibraltar,2022-07-21,VLSFO,1823,640.96,1168470.08,Monjasa,N
BNK1290-1,VYG1290,9590000,Las Palmas,2022-09-02,VLSFO,2313,654.14,1513025.82,TotalEnergies Marine,N
BNK1291-1,VYG1291,9590000,Singapore,2022-09-27,VLSFO,3320,675.05,2241166.0,TotalEnergies Marine,N
BNK1292-1,VYG1292,9590000,Busan,2022-10-28,MDO,801,951.56,762199.56,Monjasa,N
BNK1293-1,VYG1293,9590000,Gibraltar,2022-12-01,VLSFO,2472,682.71,1687659.12,TotalEnergies Marine,N
BNK1294-1,VYG1294,9590000,Singapore,2023-01-12,VLSFO,1447,571.48,826931.56,Peninsula Petroleum,N
BNK1295-1,VYG1295,9590000,Fujairah,2023-02-18,MDO,2891,893.98,2584496.18,Shell Marine,N
BNK1295-2,VYG1295,9590000,Hong Kong,2023-02-21,VLSFO,1969,608.48,1198097.12,Monjasa,N
BNK1296-1,VYG1296,9590000,Fujairah,2023-03-20,VLSFO,2098,635.59,1333467.82,Peninsula Petroleum,N
BNK1296-2,VYG1296,9590000,Busan,2023-03-15,VLSFO,3108,644.52,2003168.16,Vitol Bunkers,N
BNK1297-1,VYG1297,9590000,Las Palmas,2023-04-15,VLSFO,2115,638.49,1350406.35,Monjasa,N
BNK1298-1,VYG1298,9590000,Singapore,2023-05-16,MDO,950,822.74,781603.0,Monjasa,N
BNK1298-2,VYG1298,9590000,Gibraltar,2023-05-17,MDO,1818,804.56,1462690.08,BP Marine,N
BNK1299-1,VYG1299,9590000,Busan,2023-06-20,MDO,2720,847.25,2304520.0,TotalEnergies Marine,N
BNK1299-2,VYG1299,9590000,Singapore,2023-06-20,VLSFO,1710,642.03,1097871.3,Peninsula Petroleum,N
BNK1300-1,VYG1300,9590000,Fujairah,2023-07-24,MDO,1056,806.83,852012.48,BP Marine,N
BNK1300-2,VYG1300,9590000,Las Palmas,2023-07-21,MDO,1076,908.64,977696.64,Shell Marine,N
BNK1301-1,VYG1301,9590000,Rotterdam,2023-08-23,MDO,2238,881.73,1973311.74,Peninsula Petroleum,N
BNK1302-1,VYG1302,9590000,Singapore,2023-09-12,VLSFO,1828,653.83,1195201.24,TotalEnergies Marine,N
BNK1303-1,VYG1303,9590000,Gibraltar,2023-10-08,VLSFO,2458,627.44,1542247.52,Monjasa,N
BNK1303-2,VYG1303,9590000,Hong Kong,2023-10-13,VLSFO,2549,641.92,1636254.08,Peninsula Petroleum,N
BNK1304-1,VYG1304,9590000,Las Palmas,2023-11-11,VLSFO,1107,653.76,723712.32,Vitol Bunkers,N
BNK1305-1,VYG1305,9590000,Rotterdam,2023-12-05,VLSFO,1595,644.32,1027690.4,Peninsula Petroleum,N
BNK1305-2,VYG1305,9590000,Las Palmas,2023-12-03,VLSFO,813,586.52,476840.76,Shell Marine,N
BNK1306-1,VYG1306,9590000,Gibraltar,2024-01-16,VLSFO,865,626.75,542138.75,Shell Marine,N
BNK1306-2,VYG1306,9590000,Hong Kong,2024-01-18,VLSFO,1461,606.37,885906.57,TotalEnergies Marine,N
BNK1307-1,VYG1307,9590000,Port Said,2024-02-20,VLSFO,2561,621.82,1592481.02,Vitol Bunkers,N
BNK1307-2,VYG1307,9590000,Las Palmas,2024-02-20,VLSFO,1907,579.73,1105545.11,Monjasa,N
BNK1308-1,VYG1308,9590000,Hong Kong,2024-03-17,MDO,856,804.7,688823.2,BP Marine,N
BNK1308-2,VYG1308,9590000,Hong Kong,2024-03-18,VLSFO,1560,596.62,930727.2,Shell Marine,N
BNK1309-1,VYG1309,9590000,Port Said,2024-04-24,VLSFO,2047,560.53,1147404.91,BP Marine,N
BNK1310-1,VYG1310,9590000,Singapore,2024-06-01,VLSFO,3074,582.31,1790020.94,TotalEnergies Marine,N
BNK1311-1,VYG1311,9590000,Rotterdam,2024-07-09,VLSFO,2136,571.82,1221407.52,Peninsula Petroleum,N
BNK1312-1,VYG1312,9590000,Las Palmas,2024-08-14,VLSFO,2037,623.59,1270252.83,Shell Marine,N
BNK1313-1,VYG1313,9590000,Port Said,2024-09-16,VLSFO,2393,564.29,1350345.97,Vitol Bunkers,N
BNK1313-2,VYG1313,9590000,Port Said,2024-09-12,VLSFO,1049,546.86,573656.14,Shell Marine,N
BNK1314-1,VYG1314,9590000,Rotterdam,2024-10-22,VLSFO,3419,556.48,1902605.12,Vitol Bunkers,N
BNK1314-2,VYG1314,9590000,Hong Kong,2024-10-25,VLSFO,2136,618.36,1320816.96,Shell Marine,N
BNK1315-1,VYG1315,9590000,Las Palmas,2024-11-27,VLSFO,1892,614.51,1162652.92,Monjasa,Y
BNK1316-1,VYG1316,9590000,Las Palmas,2025-01-05,VLSFO,1491,607.15,905260.65,Vitol Bunkers,N
BNK1317-1,VYG1317,9591111,Hong Kong,2022-01-09,HSFO,3219,472.92,1522329.48,Vitol Bunkers,N
BNK1317-2,VYG1317,9591111,Gibraltar,2022-01-05,HSFO,2771,458.09,1269367.39,Monjasa,N
BNK1318-1,VYG1318,9591111,Hong Kong,2022-02-02,HSFO,3047,445.01,1355945.47,BP Marine,N
BNK1318-2,VYG1318,9591111,Port Said,2022-02-03,HSFO,2460,471.34,1159496.4,TotalEnergies Marine,N
BNK1319-1,VYG1319,9591111,Singapore,2022-03-03,HSFO,2577,447.13,1152254.01,BP Marine,N
BNK1319-2,VYG1319,9591111,Hong Kong,2022-03-01,HSFO,1763,480.96,847932.48,TotalEnergies Marine,N
BNK1320-1,VYG1320,9591111,Singapore,2022-03-22,HSFO,2793,466.56,1303102.08,TotalEnergies Marine,N
BNK1321-1,VYG1321,9591111,Gibraltar,2022-04-23,HSFO,2571,489.91,1259558.61,Peninsula Petroleum,N
BNK1321-2,VYG1321,9591111,Gibraltar,2022-04-23,HSFO,2615,448.88,1173821.2,Vitol Bunkers,N
BNK1322-1,VYG1322,9591111,Port Said,2022-05-27,HSFO,1650,509.34,840411.0,Shell Marine,N
BNK1323-1,VYG1323,9591111,Las Palmas,2022-06-30,MDO,3297,975.23,3215333.31,Monjasa,N
BNK1324-1,VYG1324,9591111,Las Palmas,2022-07-28,HSFO,1179,490.92,578794.68,Vitol Bunkers,Y
BNK1325-1,VYG1325,9591111,Rotterdam,2022-09-02,HSFO,1473,486.32,716349.36,TotalEnergies Marine,Y
BNK1325-2,VYG1325,9591111,Gibraltar,2022-09-01,HSFO,2062,485.74,1001595.88,Vitol Bunkers,N
BNK1326-1,VYG1326,9591111,Hong Kong,2022-10-03,HSFO,1781,443.22,789374.82,TotalEnergies Marine,N
BNK1326-2,VYG1326,9591111,Busan,2022-09-30,HSFO,1340,470.85,630939.0,Monjasa,N
BNK1327-1,VYG1327,9591111,Las Palmas,2022-11-09,HSFO,1959,492.54,964885.86,Vitol Bunkers,N
BNK1328-1,VYG1328,9591111,Hong Kong,2022-12-04,HSFO,3222,447.72,1442553.84,TotalEnergies Marine,N
BNK1329-1,VYG1329,9591111,Gibraltar,2023-01-05,HSFO,2238,478.15,1070099.7,Monjasa,N
BNK1329-2,VYG1329,9591111,Rotterdam,2023-01-06,MDO,2331,840.43,1959042.33,Peninsula Petroleum,Y
BNK1330-1,VYG1330,9591111,Fujairah,2023-01-29,HSFO,1453,477.85,694316.05,Peninsula Petroleum,N
BNK1331-1,VYG1331,9591111,Gibraltar,2023-03-02,HSFO,3423,445.43,1524706.89,Vitol Bunkers,N
BNK1332-1,VYG1332,9591111,Singapore,2023-03-28,HSFO,2222,452.4,1005232.8,Vitol Bunkers,N
BNK1332-2,VYG1332,9591111,Rotterdam,2023-03-24,HSFO,1498,434.8,651330.4,Peninsula Petroleum,N
BNK1333-1,VYG1333,9591111,Port Said,2023-04-26,HSFO,2585,452.46,1169609.1,Peninsula Petroleum,N
BNK1334-1,VYG1334,9591111,Hong Kong,2023-06-01,HSFO,3216,449.61,1445945.76,Vitol Bunkers,N
BNK1334-2,VYG1334,9591111,Busan,2023-06-01,HSFO,3358,413.99,1390178.42,Monjasa,N
BNK1335-1,VYG1335,9591111,Hong Kong,2023-06-29,HSFO,2357,454.52,1071303.64,Monjasa,Y
BNK1335-2,VYG1335,9591111,Las Palmas,2023-07-01,HSFO,1277,423.72,541090.44,Peninsula Petroleum,N
BNK1336-1,VYG1336,9591111,Singapore,2023-07-28,MDO,2863,805.32,2305631.16,Shell Marine,N
BNK1336-2,VYG1336,9591111,Las Palmas,2023-07-23,HSFO,863,462.26,398930.38,BP Marine,N
BNK1337-1,VYG1337,9591111,Fujairah,2023-08-16,HSFO,2401,472.65,1134832.65,Monjasa,N
BNK1338-1,VYG1338,9591111,Hong Kong,2023-09-18,MDO,2184,833.85,1821128.4,TotalEnergies Marine,N
BNK1338-2,VYG1338,9591111,Hong Kong,2023-09-21,MDO,1666,863.22,1438124.52,Shell Marine,N
BNK1339-1,VYG1339,9591111,Port Said,2023-10-22,HSFO,3151,456.1,1437171.1,BP Marine,N
BNK1340-1,VYG1340,9591111,Gibraltar,2023-11-15,HSFO,1064,404.94,430856.16,Vitol Bunkers,N
BNK1341-1,VYG1341,9591111,Busan,2023-12-09,HSFO,3100,466.26,1445406.0,Peninsula Petroleum,N
BNK1342-1,VYG1342,9591111,Rotterdam,2024-01-04,HSFO,2763,439.08,1213178.04,TotalEnergies Marine,N
BNK1343-1,VYG1343,9591111,Busan,2024-02-03,MDO,2798,876.49,2452419.02,Shell Marine,N
BNK1343-2,VYG1343,9591111,Singapore,2024-02-03,HSFO,1380,386.76,533728.8,Shell Marine,N
BNK1344-1,VYG1344,9591111,Rotterdam,2024-02-28,HSFO,1261,381.91,481588.51,TotalEnergies Marine,N
BNK1345-1,VYG1345,9591111,Busan,2024-04-01,HSFO,1829,399.27,730264.83,BP Marine,N
BNK1346-1,VYG1346,9591111,Las Palmas,2024-04-27,HSFO,2628,430.76,1132037.28,Vitol Bunkers,Y
BNK1347-1,VYG1347,9591111,Busan,2024-06-02,HSFO,901,434.19,391205.19,TotalEnergies Marine,N
BNK1347-2,VYG1347,9591111,Fujairah,2024-06-03,HSFO,1360,439.41,597597.6,Peninsula Petroleum,N
BNK1348-1,VYG1348,9591111,Las Palmas,2024-07-10,HSFO,1506,416.07,626601.42,Peninsula Petroleum,N
BNK1348-2,VYG1348,9591111,Rotterdam,2024-07-13,HSFO,869,432.72,376033.68,Peninsula Petroleum,N
BNK1349-1,VYG1349,9591111,Rotterdam,2024-08-12,HSFO,3097,419.65,1299656.05,Monjasa,N
BNK1349-2,VYG1349,9591111,Hong Kong,2024-08-16,HSFO,3157,441.87,1394983.59,Vitol Bunkers,N
BNK1350-1,VYG1350,9591111,Hong Kong,2024-09-11,HSFO,3282,391.06,1283458.92,Peninsula Petroleum,N
BNK1350-2,VYG1350,9591111,Hong Kong,2024-09-11,HSFO,2455,396.95,974512.25,Vitol Bunkers,N
BNK1351-1,VYG1351,9591111,Gibraltar,2024-10-12,HSFO,1780,434.13,772751.4,Vitol Bunkers,N
BNK1352-1,VYG1352,9591111,Hong Kong,2024-11-20,HSFO,1275,428.54,546388.5,Shell Marine,N
BNK1353-1,VYG1353,9591111,Gibraltar,2024-12-20,HSFO,2980,398.81,1188453.8,TotalEnergies Marine,N
BNK1354-1,VYG1354,9592222,Singapore,2022-01-07,VLSFO,741,642.91,476396.31,Monjasa,N
BNK1354-2,VYG1354,9592222,Rotterdam,2022-01-12,VLSFO,753,669.03,503779.59,TotalEnergies Marine,N
BNK1355-1,VYG1355,9592222,Busan,2022-02-02,VLSFO,1795,667.92,1198916.4,Shell Marine,N
BNK1356-1,VYG1356,9592222,Busan,2022-03-04,VLSFO,1771,663.16,1174456.36,Monjasa,N
BNK1356-2,VYG1356,9592222,Las Palmas,2022-03-05,MDO,1765,974.91,1720716.15,Monjasa,N
BNK1357-1,VYG1357,9592222,Hong Kong,2022-04-17,VLSFO,1363,701.18,955708.34,Monjasa,N
BNK1357-2,VYG1357,9592222,Las Palmas,2022-04-20,VLSFO,834,645.93,538705.62,Vitol Bunkers,N
BNK1358-1,VYG1358,9592222,Port Said,2022-05-14,VLSFO,560,653.81,366133.6,Monjasa,N
BNK1359-1,VYG1359,9592222,Rotterdam,2022-06-18,VLSFO,825,714.31,589305.75,TotalEnergies Marine,N
BNK1359-2,VYG1359,9592222,Port Said,2022-06-21,VLSFO,1648,616.83,1016535.84,Shell Marine,N
BNK1360-1,VYG1360,9592222,Rotterdam,2022-07-10,VLSFO,930,668.81,621993.3,Monjasa,N
BNK1360-2,VYG1360,9592222,Rotterdam,2022-07-11,VLSFO,601,697.57,419239.57,Monjasa,N
BNK1361-1,VYG1361,9592222,Rotterdam,2022-08-10,VLSFO,490,664.98,325840.2,Vitol Bunkers,N
BNK1361-2,VYG1361,9592222,Rotterdam,2022-08-13,VLSFO,784,684.53,536671.52,Monjasa,N
BNK1362-1,VYG1362,9592222,Port Said,2022-09-15,VLSFO,1442,626.19,902965.98,BP Marine,N
BNK1362-2,VYG1362,9592222,Busan,2022-09-19,VLSFO,1430,615.66,880393.8,Monjasa,N
BNK1363-1,VYG1363,9592222,Las Palmas,2022-10-18,VLSFO,1240,659.92,818300.8,Shell Marine,N
BNK1363-2,VYG1363,9592222,Gibraltar,2022-10-19,VLSFO,1468,714.45,1048812.6,Vitol Bunkers,N
BNK1364-1,VYG1364,9592222,Busan,2022-11-26,MDO,782,869.26,679761.32,Vitol Bunkers,N
BNK1364-2,VYG1364,9592222,Hong Kong,2022-11-29,VLSFO,897,626.37,561853.89,Peninsula Petroleum,N
BNK1365-1,VYG1365,9592222,Busan,2023-01-03,VLSFO,676,640.01,432646.76,BP Marine,N
BNK1365-2,VYG1365,9592222,Fujairah,2023-01-10,VLSFO,973,625.76,608864.48,BP Marine,N
BNK1366-1,VYG1366,9592222,Port Said,2023-01-29,VLSFO,1008,578.58,583208.64,BP Marine,N
BNK1367-1,VYG1367,9592222,Rotterdam,2023-02-26,VLSFO,842,620.98,522865.16,Vitol Bunkers,N
BNK1367-2,VYG1367,9592222,Busan,2023-02-20,VLSFO,1339,582.07,779391.73,Monjasa,N
BNK1368-1,VYG1368,9592222,Singapore,2023-03-23,VLSFO,1555,603.17,937929.35,TotalEnergies Marine,N
BNK1369-1,VYG1369,9592222,Las Palmas,2023-04-17,VLSFO,1125,588.09,661601.25,Monjasa,N
BNK1370-1,VYG1370,9592222,Fujairah,2023-05-25,VLSFO,557,607.44,338344.08,Peninsula Petroleum,N
BNK1370-2,VYG1370,9592222,Gibraltar,2023-05-25,VLSFO,1264,645.2,815532.8,Vitol Bunkers,N
BNK1371-1,VYG1371,9592222,Gibraltar,2023-06-24,VLSFO,778,579.08,450524.24,TotalEnergies Marine,N
BNK1371-2,VYG1371,9592222,Fujairah,2023-06-27,VLSFO,1258,623.73,784652.34,Vitol Bunkers,N
BNK1372-1,VYG1372,9592222,Singapore,2023-07-20,VLSFO,696,651.86,453694.56,Vitol Bunkers,N
BNK1373-1,VYG1373,9592222,Singapore,2023-08-10,VLSFO,1456,651.23,948190.88,BP Marine,N
BNK1374-1,VYG1374,9592222,Las Palmas,2023-09-19,VLSFO,565,657.99,371764.35,Peninsula Petroleum,N
BNK1375-1,VYG1375,9592222,Hong Kong,2023-10-15,VLSFO,548,642.33,351996.84,BP Marine,N
BNK1375-2,VYG1375,9592222,Gibraltar,2023-10-16,VLSFO,828,599.31,496228.68,BP Marine,N
BNK1376-1,VYG1376,9592222,Las Palmas,2023-11-20,VLSFO,1512,575.46,870095.52,Monjasa,N
BNK1376-2,VYG1376,9592222,Rotterdam,2023-11-25,VLSFO,579,617.66,357625.14,TotalEnergies Marine,N
BNK1377-1,VYG1377,9592222,Port Said,2023-12-30,MDO,1411,802.92,1132920.12,TotalEnergies Marine,N
BNK1377-2,VYG1377,9592222,Singapore,2024-01-01,VLSFO,1521,603.88,918501.48,BP Marine,N
BNK1378-1,VYG1378,9592222,Hong Kong,2024-02-07,MDO,1002,797.21,798804.42,Shell Marine,N
BNK1378-2,VYG1378,9592222,Rotterdam,2024-02-09,MDO,875,787.52,689080.0,Peninsula Petroleum,N
BNK1379-1,VYG1379,9592222,Gibraltar,2024-03-02,VLSFO,1168,614.62,717876.16,BP Marine,N
BNK1379-2,VYG1379,9592222,Gibraltar,2024-03-06,VLSFO,1788,617.18,1103517.84,Peninsula Petroleum,N
BNK1380-1,VYG1380,9592222,Rotterdam,2024-03-26,VLSFO,798,599.34,478273.32,Monjasa,N
BNK1381-1,VYG1381,9592222,Hong Kong,2024-04-30,VLSFO,1761,582.5,1025782.5,Vitol Bunkers,N
BNK1381-2,VYG1381,9592222,Singapore,2024-05-03,VLSFO,1136,543.79,617745.44,Vitol Bunkers,N
BNK1382-1,VYG1382,9592222,Port Said,2024-06-10,VLSFO,588,611.63,359638.44,Peninsula Petroleum,N
BNK1382-2,VYG1382,9592222,Las Palmas,2024-06-11,MDO,866,878.88,761110.08,Vitol Bunkers,N
BNK1383-1,VYG1383,9592222,Las Palmas,2024-07-19,MDO,1275,786.34,1002583.5,Monjasa,N
BNK1383-2,VYG1383,9592222,Singapore,2024-07-16,VLSFO,692,598.95,414473.4,Peninsula Petroleum,Y
BNK1384-1,VYG1384,9592222,Las Palmas,2024-08-23,MDO,965,815.86,787304.9,Shell Marine,N
BNK1385-1,VYG1385,9592222,Hong Kong,2024-09-27,VLSFO,1270,602.63,765340.1,BP Marine,N
BNK1385-2,VYG1385,9592222,Gibraltar,2024-09-29,MDO,594,789.8,469141.2,Vitol Bunkers,N
BNK1386-1,VYG1386,9592222,Port Said,2024-10-23,VLSFO,1401,595.0,833595.0,TotalEnergies Marine,N
BNK1387-1,VYG1387,9592222,Rotterdam,2024-11-30,VLSFO,1798,544.22,978507.56,Monjasa,N
BNK1387-2,VYG1387,9592222,Las Palmas,2024-12-01,VLSFO,840,620.36,521102.4,Peninsula Petroleum,N
BNK1388-1,VYG1388,9592222,Fujairah,2024-12-24,VLSFO,1605,624.86,1002900.3,Shell Marine,N
BNK1388-2,VYG1388,9592222,Busan,2024-12-18,VLSFO,1462,559.35,817769.7,Shell Marine,Y
BNK1389-1,VYG1389,9593333,Rotterdam,2022-01-05,HSFO,1647,441.29,726804.63,Vitol Bunkers,N
BNK1390-1,VYG1390,9593333,Hong Kong,2022-02-05,HSFO,1006,441.88,444531.28,BP Marine,N
BNK1391-1,VYG1391,9593333,Rotterdam,2022-03-07,MDO,1316,948.92,1248778.72,Peninsula Petroleum,N
BNK1392-1,VYG1392,9593333,Port Said,2022-03-27,HSFO,1565,451.26,706221.9,Shell Marine,N
BNK1392-2,VYG1392,9593333,Port Said,2022-03-24,HSFO,901,444.84,400800.84,Shell Marine,N
BNK1393-1,VYG1393,9593333,Rotterdam,2022-04-19,HSFO,1294,439.69,568958.86,Shell Marine,N
BNK1394-1,VYG1394,9593333,Port Said,2022-05-26,HSFO,1758,462.99,813936.42,Peninsula Petroleum,N
BNK1395-1,VYG1395,9593333,Gibraltar,2022-06-27,HSFO,1252,504.16,631208.32,Vitol Bunkers,N
BNK1395-2,VYG1395,9593333,Singapore,2022-06-25,HSFO,1442,500.08,721115.36,Shell Marine,N
BNK1396-1,VYG1396,9593333,Singapore,2022-07-24,HSFO,704,474.04,333724.16,BP Marine,N
BNK1396-2,VYG1396,9593333,Busan,2022-07-28,HSFO,898,472.98,424736.04,Shell Marine,N
BNK1397-1,VYG1397,9593333,Las Palmas,2022-08-23,HSFO,637,432.23,275330.51,Shell Marine,N
BNK1398-1,VYG1398,9593333,Hong Kong,2022-09-27,MDO,665,916.59,609532.35,Peninsula Petroleum,N
BNK1399-1,VYG1399,9593333,Singapore,2022-11-01,HSFO,876,430.32,376960.32,BP Marine,N
BNK1400-1,VYG1400,9593333,Singapore,2022-12-03,HSFO,738,445.23,328579.74,Shell Marine,N
BNK1401-1,VYG1401,9593333,Port Said,2022-12-31,HSFO,920,419.46,385903.2,BP Marine,N
BNK1402-1,VYG1402,9593333,Rotterdam,2023-01-31,HSFO,861,407.62,350960.82,Peninsula Petroleum,N
BNK1403-1,VYG1403,9593333,Rotterdam,2023-03-20,MDO,1530,808.01,1236255.3,Shell Marine,N
BNK1403-2,VYG1403,9593333,Fujairah,2023-03-14,HSFO,1775,412.72,732578.0,Monjasa,N
BNK1404-1,VYG1404,9593333,Busan,2023-04-25,HSFO,1826,430.87,786768.62,TotalEnergies Marine,N
BNK1404-2,VYG1404,9593333,Rotterdam,2023-04-23,HSFO,1342,420.21,563921.82,Vitol Bunkers,N
BNK1405-1,VYG1405,9593333,Busan,2023-05-18,HSFO,1175,418.99,492313.25,BP Marine,N
BNK1406-1,VYG1406,9593333,Singapore,2023-06-27,HSFO,1638,479.39,785240.82,BP Marine,N
BNK1407-1,VYG1407,9593333,Hong Kong,2023-08-04,HSFO,450,472.41,212584.5,TotalEnergies Marine,N
BNK1407-2,VYG1407,9593333,Las Palmas,2023-08-03,MDO,1027,856.46,879584.42,BP Marine,N
BNK1408-1,VYG1408,9593333,Singapore,2023-09-01,HSFO,1580,440.85,696543.0,BP Marine,N
BNK1409-1,VYG1409,9593333,Port Said,2023-10-04,HSFO,1332,443.49,590728.68,Peninsula Petroleum,N
BNK1410-1,VYG1410,9593333,Port Said,2023-11-02,HSFO,1444,444.25,641497.0,BP Marine,N
BNK1410-2,VYG1410,9593333,Gibraltar,2023-10-29,HSFO,1057,413.48,437048.36,Peninsula Petroleum,N
BNK1411-1,VYG1411,9593333,Fujairah,2023-11-28,HSFO,1173,471.25,552776.25,BP Marine,N
BNK1411-2,VYG1411,9593333,Singapore,2023-11-25,HSFO,835,469.26,391832.1,BP Marine,N
BNK1412-1,VYG1412,9593333,Singapore,2023-12-22,HSFO,700,433.63,303541.0,Monjasa,N
BNK1413-1,VYG1413,9593333,Fujairah,2024-01-20,MDO,817,817.52,667913.84,TotalEnergies Marine,N
BNK1414-1,VYG1414,9593333,Rotterdam,2024-02-16,MDO,1371,825.27,1131445.17,Vitol Bunkers,N
BNK1415-1,VYG1415,9593333,Hong Kong,2024-03-10,MDO,1785,827.43,1476962.55,TotalEnergies Marine,N
BNK1415-2,VYG1415,9593333,Rotterdam,2024-03-14,HSFO,1678,409.53,687191.34,Vitol Bunkers,N
BNK1416-1,VYG1416,9593333,Singapore,2024-04-12,MDO,654,851.32,556763.28,Shell Marine,N
BNK1416-2,VYG1416,9593333,Fujairah,2024-04-14,HSFO,1835,437.71,803197.85,TotalEnergies Marine,Y
BNK1417-1,VYG1417,9593333,Fujairah,2024-05-14,HSFO,1430,424.88,607578.4,Vitol Bunkers,N
BNK1418-1,VYG1418,9593333,Hong Kong,2024-06-07,HSFO,1323,415.2,549309.6,Vitol Bunkers,N
BNK1419-1,VYG1419,9593333,Singapore,2024-07-06,HSFO,1336,399.91,534279.76,Peninsula Petroleum,N
BNK1419-2,VYG1419,9593333,Rotterdam,2024-07-06,HSFO,985,393.81,387902.85,TotalEnergies Marine,N
BNK1420-1,VYG1420,9593333,Singapore,2024-07-24,HSFO,1528,389.17,594651.76,Monjasa,N
BNK1421-1,VYG1421,9593333,Rotterdam,2024-08-22,MDO,456,784.32,357649.92,Monjasa,N
BNK1422-1,VYG1422,9593333,Singapore,2024-09-05,HSFO,1802,387.26,697842.52,TotalEnergies Marine,N
BNK1422-2,VYG1422,9593333,Gibraltar,2024-09-09,HSFO,1415,433.56,613487.4,Shell Marine,N
BNK1423-1,VYG1423,9593333,Hong Kong,2024-10-17,HSFO,1142,447.06,510542.52,Shell Marine,N
BNK1423-2,VYG1423,9593333,Fujairah,2024-10-10,HSFO,1850,452.81,837698.5,TotalEnergies Marine,N
BNK1424-1,VYG1424,9593333,Rotterdam,2024-11-11,HSFO,560,434.22,243163.2,Shell Marine,N
BNK1424-2,VYG1424,9593333,Rotterdam,2024-11-17,HSFO,1367,412.98,564543.66,Peninsula Petroleum,Y
BNK1425-1,VYG1425,9593333,Busan,2024-12-19,HSFO,485,414.18,200877.3,TotalEnergies Marine,N
BNK1425-2,VYG1425,9593333,Port Said,2024-12-20,HSFO,1553,444.58,690432.74,BP Marine,N
BNK1426-1,VYG1426,9594444,Port Said,2022-01-02,VLSFO,811,622.45,504806.95,Peninsula Petroleum,N
BNK1426-2,VYG1426,9594444,Fujairah,2022-01-06,VLSFO,1025,677.21,694140.25,TotalEnergies Marine,N
BNK1427-1,VYG1427,9594444,Port Said,2022-01-27,VLSFO,1066,632.9,674671.4,Monjasa,N
BNK1428-1,VYG1428,9594444,Singapore,2022-02-23,VLSFO,795,663.6,527562.0,Vitol Bunkers,N
BNK1429-1,VYG1429,9594444,Las Palmas,2022-03-27,VLSFO,486,672.71,326937.06,Shell Marine,N
BNK1429-2,VYG1429,9594444,Rotterdam,2022-04-01,VLSFO,811,704.81,571600.91,TotalEnergies Marine,N
BNK1430-1,VYG1430,9594444,Singapore,2022-04-27,VLSFO,749,658.43,493164.07,Monjasa,N
BNK1431-1,VYG1431,9594444,Singapore,2022-06-05,VLSFO,915,701.01,641424.15,BP Marine,N
BNK1431-2,VYG1431,9594444,Fujairah,2022-06-01,VLSFO,1216,649.48,789767.68,Shell Marine,N
BNK1432-1,VYG1432,9594444,Fujairah,2022-07-01,VLSFO,1202,667.73,802611.46,BP Marine,N
BNK1433-1,VYG1433,9594444,Las Palmas,2022-07-25,VLSFO,572,695.87,398037.64,Vitol Bunkers,N
BNK1433-2,VYG1433,9594444,Rotterdam,2022-07-25,MDO,495,912.21,451543.95,Shell Marine,N
BNK1434-1,VYG1434,9594444,Hong Kong,2022-09-10,VLSFO,873,719.0,627687.0,BP Marine,N
BNK1434-2,VYG1434,9594444,Hong Kong,2022-09-10,VLSFO,1000,626.91,626910.0,Peninsula Petroleum,N
BNK1435-1,VYG1435,9594444,Singapore,2022-10-06,VLSFO,1192,662.69,789926.48,Monjasa,N
BNK1435-2,VYG1435,9594444,Fujairah,2022-10-01,VLSFO,690,647.9,447051.0,BP Marine,N
BNK1436-1,VYG1436,9594444,Fujairah,2022-11-09,VLSFO,635,685.89,435540.15,Vitol Bunkers,N
BNK1436-2,VYG1436,9594444,Busan,2022-11-10,VLSFO,812,615.94,500143.28,TotalEnergies Marine,N
BNK1437-1,VYG1437,9594444,Port Said,2022-12-13,VLSFO,752,660.16,496440.32,TotalEnergies Marine,N
BNK1437-2,VYG1437,9594444,Busan,2022-12-13,VLSFO,313,706.09,221006.17,Shell Marine,N
BNK1438-1,VYG1438,9594444,Port Said,2023-01-26,VLSFO,932,575.96,536794.72,Monjasa,N
BNK1438-2,VYG1438,9594444,Gibraltar,2023-01-26,VLSFO,633,655.77,415102.41,Vitol Bunkers,N
BNK1439-1,VYG1439,9594444,Busan,2023-02-15,VLSFO,732,659.63,482849.16,BP Marine,N
BNK1440-1,VYG1440,9594444,Gibraltar,2023-03-20,VLSFO,700,599.21,419447.0,BP Marine,N
BNK1441-1,VYG1441,9594444,Hong Kong,2023-04-25,VLSFO,1154,619.82,715272.28,Shell Marine,N
BNK1442-1,VYG1442,9594444,Las Palmas,2023-06-05,VLSFO,1067,607.35,648042.45,Peninsula Petroleum,N
BNK1442-2,VYG1442,9594444,Fujairah,2023-06-05,VLSFO,997,650.37,648418.89,TotalEnergies Marine,N
BNK1443-1,VYG1443,9594444,Hong Kong,2023-07-02,VLSFO,1011,588.63,595104.93,Peninsula Petroleum,N
BNK1444-1,VYG1444,9594444,Singapore,2023-07-31,VLSFO,1113,572.06,636702.78,BP Marine,N
BNK1445-1,VYG1445,9594444,Gibraltar,2023-09-11,VLSFO,1211,640.94,776178.34,Vitol Bunkers,N
BNK1445-2,VYG1445,9594444,Fujairah,2023-09-08,VLSFO,1139,657.66,749074.74,BP Marine,N
BNK1446-1,VYG1446,9594444,Singapore,2023-10-08,VLSFO,691,637.67,440629.97,Shell Marine,N
BNK1446-2,VYG1446,9594444,Hong Kong,2023-10-09,MDO,506,913.88,462423.28,Peninsula Petroleum,N
BNK1447-1,VYG1447,9594444,Busan,2023-11-06,VLSFO,1265,607.99,769107.35,Peninsula Petroleum,N
BNK1447-2,VYG1447,9594444,Singapore,2023-11-08,VLSFO,527,642.07,338370.89,Monjasa,N
BNK1448-1,VYG1448,9594444,Hong Kong,2023-11-26,VLSFO,323,608.81,196645.63,Shell Marine,N
BNK1449-1,VYG1449,9594444,Fujairah,2023-12-30,VLSFO,562,654.93,368070.66,Vitol Bunkers,N
BNK1449-2,VYG1449,9594444,Rotterdam,2023-12-26,VLSFO,903,594.07,536445.21,BP Marine,N
BNK1450-1,VYG1450,9594444,Las Palmas,2024-01-17,VLSFO,1284,573.95,736951.8,Vitol Bunkers,N
BNK1450-2,VYG1450,9594444,Las Palmas,2024-01-20,VLSFO,1305,615.44,803149.2,TotalEnergies Marine,N
BNK1451-1,VYG1451,9594444,Gibraltar,2024-02-24,VLSFO,299,590.2,176469.8,Shell Marine,N
BNK1452-1,VYG1452,9594444,Rotterdam,2024-03-15,MDO,545,812.98,443074.1,Monjasa,N
BNK1452-2,VYG1452,9594444,Singapore,2024-03-12,VLSFO,769,591.96,455217.24,BP Marine,N
BNK1453-1,VYG1453,9594444,Las Palmas,2024-04-08,VLSFO,543,543.53,295136.79,Vitol Bunkers,N
BNK1454-1,VYG1454,9594444,Las Palmas,2024-05-16,VLSFO,1285,626.37,804885.45,BP Marine,N
BNK1454-2,VYG1454,9594444,Busan,2024-05-19,VLSFO,1200,580.32,696384.0,TotalEnergies Marine,N
BNK1455-1,VYG1455,9594444,Singapore,2024-07-03,VLSFO,1101,577.42,635739.42,BP Marine,N
BNK1455-2,VYG1455,9594444,Port Said,2024-06-30,VLSFO,669,613.85,410665.65,Peninsula Petroleum,N
BNK1456-1,VYG1456,9594444,Fujairah,2024-07-15,VLSFO,1016,574.15,583336.4,BP Marine,N
BNK1457-1,VYG1457,9594444,Las Palmas,2024-08-14,VLSFO,824,605.68,499080.32,BP Marine,N
BNK1458-1,VYG1458,9594444,Gibraltar,2024-09-11,VLSFO,693,602.14,417283.02,TotalEnergies Marine,N
BNK1459-1,VYG1459,9594444,Fujairah,2024-10-26,VLSFO,886,601.78,533177.08,Peninsula Petroleum,N
BNK1459-2,VYG1459,9594444,Rotterdam,2024-10-22,VLSFO,606,616.08,373344.48,Shell Marine,N
BNK1460-1,VYG1460,9594444,Busan,2024-11-27,MDO,1133,866.78,982061.74,Monjasa,N
BNK1461-1,VYG1461,9594444,Gibraltar,2024-12-25,VLSFO,577,629.36,363140.72,Shell Marine,N
BNK1461-2,VYG1461,9594444,Rotterdam,2024-12-25,VLSFO,346,567.31,196289.26,Shell Marine,N
BNK1462-1,VYG1462,9595555,Gibraltar,2022-01-04,VLSFO,1157,653.64,756261.48,BP Marine,N
BNK1463-1,VYG1463,9595555,Hong Kong,2022-02-05,VLSFO,690,623.53,430235.7,TotalEnergies Marine,N
BNK1463-2,VYG1463,9595555,Singapore,2022-02-02,VLSFO,461,632.64,291647.04,Monjasa,N
BNK1464-1,VYG1464,9595555,Singapore,2022-03-07,VLSFO,752,675.82,508216.64,Shell Marine,N
BNK1464-2,VYG1464,9595555,Gibraltar,2022-03-07,MDO,967,946.7,915458.9,Peninsula Petroleum,N
BNK1465-1,VYG1465,9595555,Rotterdam,2022-04-01,VLSFO,813,672.35,546620.55,Shell Marine,N
BNK1465-2,VYG1465,9595555,Las Palmas,2022-04-06,MDO,709,885.2,627606.8,Shell Marine,N
BNK1466-1,VYG1466,9595555,Busan,2022-04-28,VLSFO,898,664.99,597161.02,Shell Marine,N
BNK1466-2,VYG1466,9595555,Hong Kong,2022-04-30,VLSFO,690,687.76,474554.4,Peninsula Petroleum,N
BNK1467-1,VYG1467,9595555,Fujairah,2022-05-29,VLSFO,391,664.67,259885.97,Vitol Bunkers,N
BNK1468-1,VYG1468,9595555,Rotterdam,2022-07-05,VLSFO,893,712.68,636423.24,TotalEnergies Marine,N
BNK1469-1,VYG1469,9595555,Rotterdam,2022-08-10,VLSFO,695,697.28,484609.6,TotalEnergies Marine,N
BNK1470-1,VYG1470,9595555,Rotterdam,2022-09-09,VLSFO,847,620.17,525283.99,Shell Marine,N
BNK1471-1,VYG1471,9595555,Gibraltar,2022-10-10,VLSFO,1321,704.93,931212.53,Peninsula Petroleum,N
BNK1471-2,VYG1471,9595555,Hong Kong,2022-10-14,VLSFO,1093,634.45,693453.85,Monjasa,N
BNK1472-1,VYG1472,9595555,Singapore,2022-11-09,VLSFO,1298,658.31,854486.38,TotalEnergies Marine,N
BNK1473-1,VYG1473,9595555,Hong Kong,2022-12-01,VLSFO,718,616.93,442955.74,BP Marine,N
BNK1474-1,VYG1474,9595555,Gibraltar,2022-12-25,VLSFO,1005,640.05,643250.25,Peninsula Petroleum,N
BNK1474-2,VYG1474,9595555,Fujairah,2022-12-26,MDO,714,921.08,657651.12,Vitol Bunkers,N
BNK1475-1,VYG1475,9595555,Las Palmas,2023-01-17,VLSFO,645,622.64,401602.8,Vitol Bunkers,N
BNK1476-1,VYG1476,9595555,Busan,2023-02-21,VLSFO,1192,656.18,782166.56,TotalEnergies Marine,N
BNK1476-2,VYG1476,9595555,Las Palmas,2023-02-20,MDO,889,893.88,794659.32,Vitol Bunkers,N
BNK1477-1,VYG1477,9595555,Fujairah,2023-03-28,VLSFO,1304,592.6,772750.4,TotalEnergies Marine,N
BNK1478-1,VYG1478,9595555,Fujairah,2023-05-05,VLSFO,485,627.92,304541.2,TotalEnergies Marine,N
BNK1479-1,VYG1479,9595555,Busan,2023-06-12,VLSFO,1163,602.93,701207.59,Monjasa,N
BNK1480-1,VYG1480,9595555,Gibraltar,2023-07-04,VLSFO,1128,594.57,670674.96,BP Marine,N
BNK1480-2,VYG1480,9595555,Gibraltar,2023-07-01,VLSFO,356,606.36,215864.16,TotalEnergies Marine,N
BNK1481-1,VYG1481,9595555,Fujairah,2023-08-02,VLSFO,1178,636.55,749855.9,BP Marine,N
BNK1481-2,VYG1481,9595555,Hong Kong,2023-08-03,VLSFO,815,626.19,510344.85,TotalEnergies Marine,N
BNK1482-1,VYG1482,9595555,Rotterdam,2023-08-30,MDO,409,847.71,346713.39,BP Marine,N
BNK1482-2,VYG1482,9595555,Las Palmas,2023-08-29,VLSFO,862,639.98,551662.76,Peninsula Petroleum,N
BNK1483-1,VYG1483,9595555,Fujairah,2023-09-14,VLSFO,936,620.14,580451.04,Peninsula Petroleum,N
BNK1483-2,VYG1483,9595555,Rotterdam,2023-09-15,VLSFO,807,619.37,499831.59,Monjasa,N
BNK1484-1,VYG1484,9595555,Busan,2023-10-18,MDO,387,863.35,334116.45,Monjasa,N
BNK1484-2,VYG1484,9595555,Busan,2023-10-18,VLSFO,631,652.89,411973.59,Shell Marine,N
BNK1485-1,VYG1485,9595555,Gibraltar,2023-11-23,VLSFO,753,636.42,479224.26,Monjasa,N
BNK1485-2,VYG1485,9595555,Busan,2023-11-23,VLSFO,364,641.28,233425.92,Shell Marine,N
BNK1486-1,VYG1486,9595555,Gibraltar,2023-12-22,VLSFO,1228,639.98,785895.44,BP Marine,N
BNK1487-1,VYG1487,9595555,Rotterdam,2024-01-14,VLSFO,1265,593.84,751207.6,TotalEnergies Marine,N
BNK1488-1,VYG1488,9595555,Rotterdam,2024-02-22,VLSFO,1201,605.47,727169.47,Monjasa,N
BNK1488-2,VYG1488,9595555,Rotterdam,2024-02-16,VLSFO,1081,626.91,677689.71,Shell Marine,N
BNK1489-1,VYG1489,9595555,Las Palmas,2024-03-22,VLSFO,1119,586.8,656629.2,Shell Marine,N
BNK1490-1,VYG1490,9595555,Hong Kong,2024-04-27,VLSFO,636,568.9,361820.4,Monjasa,N
BNK1491-1,VYG1491,9595555,Port Said,2024-05-18,VLSFO,1058,541.22,572610.76,TotalEnergies Marine,N
BNK1492-1,VYG1492,9595555,Rotterdam,2024-07-04,VLSFO,1178,625.85,737251.3,Peninsula Petroleum,N
BNK1492-2,VYG1492,9595555,Busan,2024-07-02,MDO,1302,781.72,1017799.44,Peninsula Petroleum,N
BNK1493-1,VYG1493,9595555,Las Palmas,2024-08-18,VLSFO,673,622.89,419204.97,BP Marine,N
BNK1493-2,VYG1493,9595555,Rotterdam,2024-08-15,VLSFO,511,557.74,285005.14,Vitol Bunkers,N
BNK1494-1,VYG1494,9595555,Port Said,2024-09-10,VLSFO,905,597.15,540420.75,BP Marine,Y
BNK1494-2,VYG1494,9595555,Fujairah,2024-09-13,VLSFO,362,546.02,197659.24,Peninsula Petroleum,N
BNK1495-1,VYG1495,9595555,Hong Kong,2024-10-08,MDO,641,853.19,546894.79,Monjasa,N
BNK1495-2,VYG1495,9595555,Las Palmas,2024-10-07,VLSFO,308,580.46,178781.68,Monjasa,N
BNK1496-1,VYG1496,9595555,Singapore,2024-10-28,VLSFO,1031,541.36,558142.16,Vitol Bunkers,N
BNK1497-1,VYG1497,9595555,Singapore,2024-12-08,VLSFO,307,581.2,178428.4,BP Marine,N
BNK1498-1,VYG1498,9595555,Las Palmas,2025-01-04,VLSFO,859,625.02,536892.18,BP Marine,N
BNK1498-2,VYG1498,9595555,Singapore,2025-01-05,VLSFO,383,632.31,242174.73,Peninsula Petroleum,N
BNK1499-1,VYG1499,9596666,Las Palmas,2022-01-09,HSFO,3081,480.48,1480358.88,Vitol Bunkers,N
BNK1499-2,VYG1499,9596666,Gibraltar,2022-01-08,HSFO,2963,500.59,1483248.17,BP Marine,N
BNK1500-1,VYG1500,9596666,Las Palmas,2022-02-01,HSFO,2736,485.05,1327096.8,TotalEnergies Marine,N
BNK1500-2,VYG1500,9596666,Fujairah,2022-02-03,HSFO,2519,464.25,1169445.75,Shell Marine,N
BNK1501-1,VYG1501,9596666,Hong Kong,2022-03-14,HSFO,2811,485.84,1365696.24,BP Marine,N
BNK1502-1,VYG1502,9596666,Busan,2022-04-14,MDO,2304,863.02,1988398.08,Vitol Bunkers,N
BNK1502-2,VYG1502,9596666,Hong Kong,2022-04-14,HSFO,3185,463.24,1475419.4,Shell Marine,N
BNK1503-1,VYG1503,9596666,Gibraltar,2022-05-21,HSFO,1950,500.7,976365.0,BP Marine,N
BNK1504-1,VYG1504,9596666,Fujairah,2022-06-21,HSFO,1056,474.87,501462.72,TotalEnergies Marine,N
BNK1504-2,VYG1504,9596666,Port Said,2022-06-22,HSFO,2574,480.09,1235751.66,Shell Marine,N
BNK1505-1,VYG1505,9596666,Rotterdam,2022-08-05,HSFO,2073,451.36,935669.28,Vitol Bunkers,N
BNK1506-1,VYG1506,9596666,Singapore,2022-09-09,HSFO,1803,432.8,780338.4,Monjasa,N
BNK1506-2,VYG1506,9596666,Singapore,2022-09-07,MDO,2103,974.13,2048595.39,TotalEnergies Marine,N
BNK1507-1,VYG1507,9596666,Busan,2022-09-30,HSFO,2744,479.69,1316269.36,Peninsula Petroleum,N
BNK1507-2,VYG1507,9596666,Rotterdam,2022-10-02,HSFO,2361,485.16,1145462.76,Monjasa,N
BNK1508-1,VYG1508,9596666,Rotterdam,2022-10-26,MDO,2041,932.67,1903579.47,Shell Marine,N
BNK1509-1,VYG1509,9596666,Gibraltar,2022-11-30,HSFO,3409,445.58,1518982.22,BP Marine,N
BNK1510-1,VYG1510,9596666,Port Said,2023-01-07,HSFO,1009,402.72,406344.48,Peninsula Petroleum,N
BNK1511-1,VYG1511,9596666,Gibraltar,2023-01-31,HSFO,1959,466.34,913560.06,Shell Marine,N
BNK1512-1,VYG1512,9596666,Busan,2023-03-17,HSFO,2421,424.17,1026915.57,BP Marine,N
BNK1512-2,VYG1512,9596666,Fujairah,2023-03-15,HSFO,1723,431.07,742733.61,Vitol Bunkers,Y
BNK1513-1,VYG1513,9596666,Busan,2023-04-07,HSFO,3439,469.0,1612891.0,BP Marine,Y
BNK1514-1,VYG1514,9596666,Gibraltar,2023-05-10,HSFO,2347,407.53,956472.91,BP Marine,N
BNK1514-2,VYG1514,9596666,Singapore,2023-05-16,HSFO,2896,411.62,1192051.52,Vitol Bunkers,N
BNK1515-1,VYG1515,9596666,Port Said,2023-06-17,HSFO,2028,412.72,836996.16,Vitol Bunkers,N
BNK1516-1,VYG1516,9596666,Port Said,2023-07-19,HSFO,2345,420.73,986611.85,Shell Marine,N
BNK1517-1,VYG1517,9596666,Hong Kong,2023-08-20,HSFO,3278,474.64,1555869.92,BP Marine,N
BNK1518-1,VYG1518,9596666,Hong Kong,2023-09-10,HSFO,1725,474.05,817736.25,TotalEnergies Marine,N
BNK1518-2,VYG1518,9596666,Fujairah,2023-09-06,HSFO,1971,422.69,833121.99,TotalEnergies Marine,N
BNK1519-1,VYG1519,9596666,Port Said,2023-10-02,HSFO,2126,444.31,944603.06,BP Marine,N
BNK1520-1,VYG1520,9596666,Fujairah,2023-11-10,HSFO,1072,403.89,432970.08,BP Marine,N
BNK1520-2,VYG1520,9596666,Singapore,2023-11-09,HSFO,2244,432.59,970731.96,Shell Marine,N
BNK1521-1,VYG1521,9596666,Hong Kong,2023-12-07,HSFO,2638,433.72,1144153.36,Monjasa,N
BNK1521-2,VYG1521,9596666,Fujairah,2023-12-11,HSFO,2791,417.56,1165409.96,Vitol Bunkers,N
BNK1522-1,VYG1522,9596666,Hong Kong,2023-12-30,HSFO,1324,457.13,605240.12,Monjasa,N
BNK1522-2,VYG1522,9596666,Busan,2023-12-26,HSFO,1557,471.84,734654.88,Monjasa,N
BNK1523-1,VYG1523,9596666,Busan,2024-02-10,MDO,3181,817.51,2600499.31,TotalEnergies Marine,N
BNK1524-1,VYG1524,9596666,Fujairah,2024-03-11,HSFO,2682,407.88,1093934.16,Monjasa,Y
BNK1524-2,VYG1524,9596666,Rotterdam,2024-03-08,HSFO,2882,386.72,1114527.04,Shell Marine,N
BNK1525-1,VYG1525,9596666,Busan,2024-04-10,MDO,2801,829.61,2323737.61,BP Marine,N
BNK1526-1,VYG1526,9596666,Rotterdam,2024-05-14,MDO,2329,828.65,1929925.85,BP Marine,N
BNK1526-2,VYG1526,9596666,Rotterdam,2024-05-20,HSFO,1381,415.38,573639.78,Shell Marine,N
BNK1527-1,VYG1527,9596666,Hong Kong,2024-06-04,HSFO,1876,435.97,817879.72,BP Marine,N
BNK1528-1,VYG1528,9596666,Rotterdam,2024-07-07,MDO,2974,885.31,2632911.94,Monjasa,N
BNK1528-2,VYG1528,9596666,Singapore,2024-07-09,HSFO,1197,435.86,521724.42,Shell Marine,N
BNK1529-1,VYG1529,9596666,Hong Kong,2024-08-08,HSFO,1377,431.6,594313.2,Monjasa,N
BNK1529-2,VYG1529,9596666,Port Said,2024-08-06,HSFO,1258,429.16,539883.28,Monjasa,N
BNK1530-1,VYG1530,9596666,Fujairah,2024-08-29,HSFO,2650,429.73,1138784.5,Peninsula Petroleum,N
BNK1530-2,VYG1530,9596666,Hong Kong,2024-08-30,HSFO,3261,386.44,1260180.84,Shell Marine,N
BNK1531-1,VYG1531,9596666,Rotterdam,2024-09-17,HSFO,1386,401.09,555910.74,Monjasa,N
BNK1531-2,VYG1531,9596666,Singapore,2024-09-19,HSFO,2345,409.29,959785.05,Shell Marine,N
BNK1532-1,VYG1532,9596666,Singapore,2024-10-17,HSFO,2574,400.19,1030089.06,TotalEnergies Marine,N
BNK1532-2,VYG1532,9596666,Las Palmas,2024-10-20,MDO,1153,804.02,927035.06,Vitol Bunkers,N
BNK1533-1,VYG1533,9596666,Busan,2024-11-11,HSFO,1681,381.59,641452.79,Monjasa,N
BNK1533-2,VYG1533,9596666,Fujairah,2024-11-12,HSFO,887,412.23,365648.01,BP Marine,N
BNK1534-1,VYG1534,9596666,Rotterdam,2024-12-13,HSFO,3065,383.8,1176347.0,Monjasa,N
BNK1534-2,VYG1534,9596666,Hong Kong,2024-12-16,HSFO,2622,448.23,1175259.06,Shell Marine,N
BNK1535-1,VYG1535,9597777,Las Palmas,2022-01-04,VLSFO,1379,628.53,866742.87,Peninsula Petroleum,N
BNK1535-2,VYG1535,9597777,Busan,2022-01-07,VLSFO,862,620.26,534664.12,TotalEnergies Marine,N
BNK1536-1,VYG1536,9597777,Fujairah,2022-02-07,VLSFO,1673,708.13,1184701.49,TotalEnergies Marine,N
BNK1537-1,VYG1537,9597777,Port Said,2022-03-03,VLSFO,1836,636.82,1169201.52,TotalEnergies Marine,N
BNK1538-1,VYG1538,9597777,Busan,2022-03-31,VLSFO,566,712.11,403054.26,Peninsula Petroleum,N
BNK1539-1,VYG1539,9597777,Gibraltar,2022-05-10,VLSFO,1301,683.86,889701.86,BP Marine,N
BNK1539-2,VYG1539,9597777,Busan,2022-05-06,VLSFO,1310,711.63,932235.3,TotalEnergies Marine,N
BNK1540-1,VYG1540,9597777,Hong Kong,2022-05-26,VLSFO,1335,679.66,907346.1,Monjasa,N
BNK1541-1,VYG1541,9597777,Gibraltar,2022-07-08,VLSFO,1288,614.66,791682.08,Vitol Bunkers,N
BNK1541-2,VYG1541,9597777,Hong Kong,2022-07-11,VLSFO,1298,644.56,836638.88,Peninsula Petroleum,N
BNK1542-1,VYG1542,9597777,Las Palmas,2022-08-20,VLSFO,1556,716.08,1114220.48,Shell Marine,N
BNK1542-2,VYG1542,9597777,Rotterdam,2022-08-23,VLSFO,1673,633.97,1060631.81,Shell Marine,N
BNK1543-1,VYG1543,9597777,Hong Kong,2022-09-19,VLSFO,556,674.12,374810.72,BP Marine,N
BNK1543-2,VYG1543,9597777,Fujairah,2022-09-20,VLSFO,1714,677.47,1161183.58,BP Marine,N
BNK1544-1,VYG1544,9597777,Gibraltar,2022-10-29,VLSFO,1771,695.65,1231996.15,Shell Marine,N
BNK1544-2,VYG1544,9597777,Busan,2022-10-24,VLSFO,1271,706.8,898342.8,Shell Marine,N
BNK1545-1,VYG1545,9597777,Gibraltar,2022-12-03,MDO,1132,854.9,967746.8,TotalEnergies Marine,N
BNK1545-2,VYG1545,9597777,Busan,2022-11-30,VLSFO,451,642.34,289695.34,Monjasa,N
BNK1546-1,VYG1546,9597777,Singapore,2023-01-06,VLSFO,1572,625.24,982877.28,Peninsula Petroleum,N
BNK1547-1,VYG1547,9597777,Las Palmas,2023-01-28,VLSFO,1610,583.16,938887.6,Vitol Bunkers,N
BNK1547-2,VYG1547,9597777,Rotterdam,2023-02-01,VLSFO,1738,659.83,1146784.54,Vitol Bunkers,N
BNK1548-1,VYG1548,9597777,Las Palmas,2023-02-28,VLSFO,1168,629.91,735734.88,TotalEnergies Marine,N
BNK1548-2,VYG1548,9597777,Port Said,2023-03-02,VLSFO,802,658.62,528213.24,Peninsula Petroleum,N
BNK1549-1,VYG1549,9597777,Singapore,2023-03-30,VLSFO,762,590.66,450082.92,TotalEnergies Marine,N
BNK1549-2,VYG1549,9597777,Fujairah,2023-03-29,VLSFO,1339,576.73,772241.47,BP Marine,N
BNK1550-1,VYG1550,9597777,Gibraltar,2023-05-10,VLSFO,1522,599.1,911830.2,BP Marine,N
BNK1551-1,VYG1551,9597777,Gibraltar,2023-06-17,VLSFO,1538,597.64,919170.32,TotalEnergies Marine,N
BNK1552-1,VYG1552,9597777,Fujairah,2023-07-15,VLSFO,1334,610.58,814513.72,Peninsula Petroleum,N
BNK1552-2,VYG1552,9597777,Rotterdam,2023-07-16,VLSFO,1812,639.67,1159082.04,Peninsula Petroleum,N
BNK1553-1,VYG1553,9597777,Fujairah,2023-08-22,VLSFO,1348,587.85,792421.8,BP Marine,N
BNK1554-1,VYG1554,9597777,Port Said,2023-09-29,VLSFO,1472,634.93,934616.96,Peninsula Petroleum,N
BNK1554-2,VYG1554,9597777,Port Said,2023-09-27,MDO,1733,915.43,1586440.19,Vitol Bunkers,N
BNK1555-1,VYG1555,9597777,Las Palmas,2023-11-10,VLSFO,1173,636.26,746332.98,Vitol Bunkers,N
BNK1555-2,VYG1555,9597777,Busan,2023-11-05,VLSFO,437,599.44,261955.28,TotalEnergies Marine,N
BNK1556-1,VYG1556,9597777,Hong Kong,2023-12-18,VLSFO,1579,574.06,906440.74,Monjasa,N
BNK1556-2,VYG1556,9597777,Las Palmas,2023-12-20,VLSFO,997,582.97,581221.09,Monjasa,N
BNK1557-1,VYG1557,9597777,Port Said,2024-01-25,VLSFO,1812,607.37,1100554.44,TotalEnergies Marine,N
BNK1557-2,VYG1557,9597777,Busan,2024-01-23,VLSFO,684,608.54,416241.36,Shell Marine,N
BNK1558-1,VYG1558,9597777,Port Said,2024-03-05,VLSFO,1083,559.12,605526.96,Peninsula Petroleum,N
BNK1559-1,VYG1559,9597777,Port Said,2024-04-15,VLSFO,1575,554.63,873542.25,TotalEnergies Marine,N
BNK1559-2,VYG1559,9597777,Port Said,2024-04-16,VLSFO,1210,568.55,687945.5,BP Marine,N
BNK1560-1,VYG1560,9597777,Gibraltar,2024-05-06,VLSFO,1441,598.69,862712.29,Shell Marine,N
BNK1560-2,VYG1560,9597777,Hong Kong,2024-05-05,VLSFO,626,623.03,390016.78,Peninsula Petroleum,N
BNK1561-1,VYG1561,9597777,Rotterdam,2024-06-05,VLSFO,1686,598.61,1009256.46,Peninsula Petroleum,N
BNK1562-1,VYG1562,9597777,Busan,2024-06-24,VLSFO,1038,595.05,617661.9,TotalEnergies Marine,N
BNK1562-2,VYG1562,9597777,Hong Kong,2024-06-24,VLSFO,1828,569.9,1041777.2,Vitol Bunkers,N
BNK1563-1,VYG1563,9597777,Fujairah,2024-07-29,VLSFO,1336,582.58,778326.88,Monjasa,N
BNK1564-1,VYG1564,9597777,Gibraltar,2024-08-31,VLSFO,442,583.44,257880.48,TotalEnergies Marine,N
BNK1565-1,VYG1565,9597777,Gibraltar,2024-10-15,VLSFO,581,559.53,325086.93,Peninsula Petroleum,N
BNK1565-2,VYG1565,9597777,Busan,2024-10-14,VLSFO,697,588.53,410205.41,Peninsula Petroleum,N
BNK1566-1,VYG1566,9597777,Port Said,2024-11-11,VLSFO,545,591.91,322590.95,BP Marine,N
BNK1566-2,VYG1566,9597777,Rotterdam,2024-11-11,VLSFO,1322,617.78,816705.16,TotalEnergies Marine,N
BNK1567-1,VYG1567,9597777,Rotterdam,2024-12-09,VLSFO,1441,575.46,829237.86,Peninsula Petroleum,N
BNK1568-1,VYG1568,9598888,Rotterdam,2022-01-11,VLSFO,919,694.22,637988.18,Peninsula Petroleum,N
BNK1568-2,VYG1568,9598888,Singapore,2022-01-06,VLSFO,1266,619.35,784097.1,BP Marine,N
BNK1569-1,VYG1569,9598888,Port Said,2022-02-03,VLSFO,1123,687.08,771590.84,Vitol Bunkers,N
BNK1570-1,VYG1570,9598888,Las Palmas,2022-03-14,VLSFO,791,669.82,529827.62,TotalEnergies Marine,N
BNK1570-2,VYG1570,9598888,Port Said,2022-03-08,VLSFO,924,611.84,565340.16,Vitol Bunkers,N
BNK1571-1,VYG1571,9598888,Busan,2022-04-12,VLSFO,657,647.9,425670.3,Shell Marine,N
BNK1571-2,VYG1571,9598888,Singapore,2022-04-08,VLSFO,1029,629.73,647992.17,Vitol Bunkers,N
BNK1572-1,VYG1572,9598888,Singapore,2022-05-08,VLSFO,502,682.5,342615.0,Peninsula Petroleum,N
BNK1573-1,VYG1573,9598888,Port Said,2022-05-29,VLSFO,1084,613.74,665294.16,Vitol Bunkers,N
BNK1573-2,VYG1573,9598888,Rotterdam,2022-05-29,VLSFO,545,689.52,375788.4,BP Marine,N
BNK1574-1,VYG1574,9598888,Las Palmas,2022-07-02,MDO,1084,919.17,996380.28,Vitol Bunkers,N
BNK1574-2,VYG1574,9598888,Busan,2022-07-03,MDO,1300,913.96,1188148.0,BP Marine,N
BNK1575-1,VYG1575,9598888,Rotterdam,2022-07-27,VLSFO,453,691.54,313267.62,Shell Marine,N
BNK1575-2,VYG1575,9598888,Rotterdam,2022-07-28,VLSFO,1088,665.55,724118.4,TotalEnergies Marine,N
BNK1576-1,VYG1576,9598888,Fujairah,2022-09-03,VLSFO,953,665.8,634507.4,Vitol Bunkers,N
BNK1577-1,VYG1577,9598888,Rotterdam,2022-10-07,VLSFO,1289,699.99,902287.11,Monjasa,N
BNK1577-2,VYG1577,9598888,Busan,2022-10-09,VLSFO,795,715.31,568671.45,Shell Marine,N
BNK1578-1,VYG1578,9598888,Hong Kong,2022-11-08,VLSFO,596,650.09,387453.64,Peninsula Petroleum,N
BNK1578-2,VYG1578,9598888,Hong Kong,2022-11-09,VLSFO,1147,640.33,734458.51,Vitol Bunkers,N
BNK1579-1,VYG1579,9598888,Fujairah,2022-12-08,VLSFO,751,651.54,489306.54,Monjasa,N
BNK1579-2,VYG1579,9598888,Las Palmas,2022-12-04,VLSFO,895,634.79,568137.05,Shell Marine,N
BNK1580-1,VYG1580,9598888,Gibraltar,2023-01-12,VLSFO,389,614.4,239001.6,Shell Marine,N
BNK1580-2,VYG1580,9598888,Gibraltar,2023-01-12,VLSFO,599,633.77,379628.23,BP Marine,N
BNK1581-1,VYG1581,9598888,Las Palmas,2023-02-10,VLSFO,1177,577.72,679976.44,TotalEnergies Marine,N
BNK1582-1,VYG1582,9598888,Hong Kong,2023-03-20,VLSFO,1268,570.5,723394.0,Monjasa,N
BNK1583-1,VYG1583,9598888,Rotterdam,2023-04-26,VLSFO,912,643.35,586735.2,Shell Marine,N
BNK1584-1,VYG1584,9598888,Port Said,2023-05-19,VLSFO,1211,649.99,787137.89,TotalEnergies Marine,N
BNK1584-2,VYG1584,9598888,Las Palmas,2023-05-22,VLSFO,892,638.75,569765.0,Vitol Bunkers,N
BNK1585-1,VYG1585,9598888,Rotterdam,2023-07-04,VLSFO,1190,607.3,722687.0,TotalEnergies Marine,N
BNK1585-2,VYG1585,9598888,Busan,2023-07-03,MDO,432,906.82,391746.24,TotalEnergies Marine,N
BNK1586-1,VYG1586,9598888,Rotterdam,2023-08-01,VLSFO,1016,595.48,605007.68,Vitol Bunkers,N
BNK1587-1,VYG1587,9598888,Gibraltar,2023-09-03,VLSFO,1074,616.56,662185.44,Peninsula Petroleum,Y
BNK1588-1,VYG1588,9598888,Gibraltar,2023-10-10,MDO,316,920.43,290855.88,Peninsula Petroleum,N
BNK1588-2,VYG1588,9598888,Rotterdam,2023-10-08,VLSFO,1219,571.09,696158.71,Shell Marine,N
BNK1589-1,VYG1589,9598888,Fujairah,2023-11-15,VLSFO,1101,654.83,720967.83,Vitol Bunkers,N
BNK1590-1,VYG1590,9598888,Port Said,2023-12-17,VLSFO,356,622.53,221620.68,Monjasa,N
BNK1591-1,VYG1591,9598888,Fujairah,2024-01-16,VLSFO,811,608.89,493809.79,Peninsula Petroleum,N
BNK1592-1,VYG1592,9598888,Fujairah,2024-02-13,VLSFO,770,620.43,477731.1,Shell Marine,N
BNK1593-1,VYG1593,9598888,Hong Kong,2024-03-23,VLSFO,1221,560.93,684895.53,Vitol Bunkers,N
BNK1593-2,VYG1593,9598888,Port Said,2024-03-23,VLSFO,928,569.52,528514.56,Vitol Bunkers,N
BNK1594-1,VYG1594,9598888,Gibraltar,2024-04-19,VLSFO,377,577.33,217653.41,Peninsula Petroleum,N
BNK1595-1,VYG1595,9598888,Fujairah,2024-05-22,VLSFO,349,555.09,193726.41,TotalEnergies Marine,N
BNK1596-1,VYG1596,9598888,Singapore,2024-07-02,VLSFO,567,552.39,313205.13,Peninsula Petroleum,N
BNK1596-2,VYG1596,9598888,Rotterdam,2024-06-28,VLSFO,1086,601.67,653413.62,Vitol Bunkers,N
BNK1597-1,VYG1597,9598888,Singapore,2024-07-23,VLSFO,948,595.32,564363.36,Monjasa,N
BNK1598-1,VYG1598,9598888,Singapore,2024-08-24,VLSFO,805,561.4,451927.0,TotalEnergies Marine,N
BNK1598-2,VYG1598,9598888,Singapore,2024-08-24,VLSFO,468,553.65,259108.2,Vitol Bunkers,N
BNK1599-1,VYG1599,9598888,Gibraltar,2024-09-16,VLSFO,313,588.81,184297.53,TotalEnergies Marine,N
BNK1600-1,VYG1600,9598888,Gibraltar,2024-10-31,VLSFO,1286,618.21,795018.06,TotalEnergies Marine,N
BNK1601-1,VYG1601,9598888,Port Said,2024-12-02,VLSFO,1038,623.08,646757.04,BP Marine,N
BNK1601-2,VYG1601,9598888,Busan,2024-12-04,VLSFO,413,608.95,251496.35,BP Marine,Y
BNK1602-1,VYG1602,9598888,Busan,2025-01-06,VLSFO,398,579.6,230680.8,TotalEnergies Marine,N
BNK1603-1,VYG1603,9599999,Fujairah,2022-01-05,VLSFO,2294,700.26,1606396.44,Peninsula Petroleum,N
BNK1604-1,VYG1604,9599999,Singapore,2022-02-12,VLSFO,3455,649.33,2243435.15,Monjasa,N
BNK1604-2,VYG1604,9599999,Rotterdam,2022-02-12,VLSFO,1903,706.19,1343879.57,Shell Marine,N
BNK1605-1,VYG1605,9599999,Singapore,2022-03-10,VLSFO,900,676.22,608598.0,Peninsula Petroleum,N
BNK1605-2,VYG1605,9599999,Port Said,2022-03-10,VLSFO,1868,619.98,1158122.64,Peninsula Petroleum,N
BNK1606-1,VYG1606,9599999,Port Said,2022-04-10,VLSFO,2512,681.74,1712530.88,TotalEnergies Marine,N
BNK1606-2,VYG1606,9599999,Singapore,2022-04-08,VLSFO,2509,638.47,1601921.23,BP Marine,N
BNK1607-1,VYG1607,9599999,Port Said,2022-05-03,VLSFO,1869,613.39,1146425.91,TotalEnergies Marine,N
BNK1608-1,VYG1608,9599999,Las Palmas,2022-06-09,VLSFO,1456,699.95,1019127.2,Vitol Bunkers,N
BNK1608-2,VYG1608,9599999,Singapore,2022-06-10,VLSFO,2056,694.76,1428426.56,Shell Marine,N
BNK1609-1,VYG1609,9599999,Rotterdam,2022-06-27,VLSFO,1073,683.91,733835.43,Peninsula Petroleum,N
BNK1610-1,VYG1610,9599999,Las Palmas,2022-08-09,VLSFO,2015,655.63,1321094.45,TotalEnergies Marine,N
BNK1610-2,VYG1610,9599999,Port Said,2022-08-04,VLSFO,3012,620.47,1868855.64,Peninsula Petroleum,N
BNK1611-1,VYG1611,9599999,Las Palmas,2022-09-02,VLSFO,2188,616.42,1348726.96,BP Marine,N
BNK1612-1,VYG1612,9599999,Hong Kong,2022-09-23,VLSFO,2305,710.81,1638417.05,Vitol Bunkers,N
BNK1613-1,VYG1613,9599999,Hong Kong,2022-10-31,VLSFO,2922,658.56,1924312.32,Peninsula Petroleum,Y
BNK1614-1,VYG1614,9599999,Hong Kong,2022-11-26,VLSFO,2964,657.3,1948237.2,Peninsula Petroleum,N
BNK1615-1,VYG1615,9599999,Rotterdam,2022-12-17,VLSFO,2013,645.56,1299512.28,Shell Marine,N
BNK1616-1,VYG1616,9599999,Fujairah,2023-01-21,VLSFO,1247,598.88,746803.36,BP Marine,N
BNK1616-2,VYG1616,9599999,Busan,2023-01-23,VLSFO,1549,591.15,915691.35,Monjasa,N
BNK1617-1,VYG1617,9599999,Rotterdam,2023-02-16,VLSFO,3403,618.31,2104108.93,Monjasa,N
BNK1617-2,VYG1617,9599999,Las Palmas,2023-02-23,VLSFO,1734,641.9,1113054.6,Monjasa,N
BNK1618-1,VYG1618,9599999,Rotterdam,2023-03-19,VLSFO,2694,608.9,1640376.6,Vitol Bunkers,N
BNK1618-2,VYG1618,9599999,Singapore,2023-03-23,MDO,1029,897.46,923486.34,Vitol Bunkers,N
BNK1619-1,VYG1619,9599999,Singapore,2023-04-16,VLSFO,3179,624.45,1985126.55,TotalEnergies Marine,Y
BNK1619-2,VYG1619,9599999,Fujairah,2023-04-15,VLSFO,3275,627.78,2055979.5,Peninsula Petroleum,N
BNK1620-1,VYG1620,9599999,Gibraltar,2023-05-23,VLSFO,3094,600.97,1859401.18,Peninsula Petroleum,N
BNK1620-2,VYG1620,9599999,Singapore,2023-05-24,VLSFO,3059,651.94,1994284.46,Vitol Bunkers,N
BNK1621-1,VYG1621,9599999,Gibraltar,2023-06-27,VLSFO,1719,639.33,1099008.27,Vitol Bunkers,N
BNK1621-2,VYG1621,9599999,Hong Kong,2023-06-27,VLSFO,1095,597.34,654087.3,BP Marine,N
BNK1622-1,VYG1622,9599999,Fujairah,2023-08-03,VLSFO,1067,597.19,637201.73,Shell Marine,N
BNK1622-2,VYG1622,9599999,Rotterdam,2023-08-04,VLSFO,2111,585.44,1235863.84,Monjasa,N
BNK1623-1,VYG1623,9599999,Busan,2023-09-06,VLSFO,1947,609.74,1187163.78,BP Marine,N
BNK1624-1,VYG1624,9599999,Busan,2023-09-27,VLSFO,2970,640.76,1903057.2,TotalEnergies Marine,N
BNK1625-1,VYG1625,9599999,Port Said,2023-11-11,VLSFO,1808,647.79,1171204.32,Shell Marine,Y
BNK1625-2,VYG1625,9599999,Hong Kong,2023-11-09,VLSFO,3078,651.12,2004147.36,Vitol Bunkers,N
BNK1626-1,VYG1626,9599999,Singapore,2023-11-28,VLSFO,2972,633.68,1883296.96,Vitol Bunkers,N
BNK1627-1,VYG1627,9599999,Busan,2023-12-31,VLSFO,2558,622.9,1593378.2,Shell Marine,N
BNK1627-2,VYG1627,9599999,Busan,2023-12-29,VLSFO,2059,586.02,1206615.18,TotalEnergies Marine,N
BNK1628-1,VYG1628,9599999,Busan,2024-01-23,VLSFO,815,618.22,503849.3,Peninsula Petroleum,N
BNK1628-2,VYG1628,9599999,Singapore,2024-01-22,VLSFO,2931,576.69,1690278.39,Vitol Bunkers,N
BNK1629-1,VYG1629,9599999,Fujairah,2024-02-09,VLSFO,2159,592.42,1279034.78,Shell Marine,N
BNK1630-1,VYG1630,9599999,Port Said,2024-03-15,VLSFO,1697,599.34,1017079.98,Monjasa,N
BNK1631-1,VYG1631,9599999,Busan,2024-04-22,VLSFO,3055,586.55,1791910.25,TotalEnergies Marine,N
BNK1632-1,VYG1632,9599999,Fujairah,2024-05-25,VLSFO,3117,612.2,1908227.4,BP Marine,N
BNK1632-2,VYG1632,9599999,Las Palmas,2024-05-31,VLSFO,3143,550.24,1729404.32,Monjasa,N
BNK1633-1,VYG1633,9599999,Busan,2024-06-30,VLSFO,2248,555.88,1249618.24,Peninsula Petroleum,N
BNK1633-2,VYG1633,9599999,Busan,2024-06-24,VLSFO,3006,613.1,1842978.6,Shell Marine,N
BNK1634-1,VYG1634,9599999,Gibraltar,2024-07-29,VLSFO,847,619.93,525080.71,Shell Marine,N
BNK1634-2,VYG1634,9599999,Port Said,2024-07-25,VLSFO,2462,591.36,1455928.32,Monjasa,N
BNK1635-1,VYG1635,9599999,Singapore,2024-08-28,VLSFO,2705,596.35,1613126.75,Shell Marine,N
BNK1636-1,VYG1636,9599999,Busan,2024-09-29,VLSFO,2253,569.27,1282565.31,BP Marine,N
BNK1636-2,VYG1636,9599999,Hong Kong,2024-10-02,VLSFO,3007,553.21,1663502.47,Shell Marine,N
BNK1637-1,VYG1637,9599999,Gibraltar,2024-10-31,VLSFO,2203,568.85,1253176.55,BP Marine,N
BNK1638-1,VYG1638,9599999,Hong Kong,2024-12-12,VLSFO,2918,591.62,1726347.16,BP Marine,N
BNK1639-1,VYG1639,9599999,Gibraltar,2025-01-04,VLSFO,2416,614.62,1484921.92,Peninsula Petroleum,N
BNK1640-1,VYG1640,9600000,Hong Kong,2022-01-01,HSFO,995,489.5,487052.5,Shell Marine,Y
BNK1640-2,VYG1640,9600000,Singapore,2022-01-05,MDO,1049,934.72,980521.28,Vitol Bunkers,N
BNK1641-1,VYG1641,9600000,Rotterdam,2022-01-25,HSFO,1102,497.98,548773.96,Vitol Bunkers,N
BNK1641-2,VYG1641,9600000,Fujairah,2022-01-30,HSFO,1864,503.03,937647.92,Monjasa,Y
BNK1642-1,VYG1642,9600000,Busan,2022-02-23,MDO,524,970.11,508337.64,Monjasa,N
BNK1643-1,VYG1643,9600000,Rotterdam,2022-03-17,HSFO,825,475.51,392295.75,Peninsula Petroleum,N
BNK1643-2,VYG1643,9600000,Rotterdam,2022-03-18,HSFO,1587,469.3,744779.1,Shell Marine,N
BNK1644-1,VYG1644,9600000,Las Palmas,2022-05-02,HSFO,698,444.01,309918.98,Monjasa,N
BNK1645-1,VYG1645,9600000,Hong Kong,2022-05-31,MDO,514,953.37,490032.18,Monjasa,N
BNK1646-1,VYG1646,9600000,Gibraltar,2022-07-11,MDO,1247,857.3,1069053.1,TotalEnergies Marine,N
BNK1646-2,VYG1646,9600000,Las Palmas,2022-07-07,HSFO,1027,474.84,487660.68,TotalEnergies Marine,N
BNK1647-1,VYG1647,9600000,Rotterdam,2022-08-11,HSFO,1081,458.9,496070.9,BP Marine,N
BNK1647-2,VYG1647,9600000,Port Said,2022-08-06,HSFO,1807,506.92,916004.44,Peninsula Petroleum,N
BNK1648-1,VYG1648,9600000,Las Palmas,2022-09-12,HSFO,480,508.47,244065.6,Peninsula Petroleum,N
BNK1649-1,VYG1649,9600000,Gibraltar,2022-10-07,HSFO,1298,493.86,641030.28,BP Marine,N
BNK1649-2,VYG1649,9600000,Port Said,2022-10-13,HSFO,1341,441.77,592413.57,Peninsula Petroleum,N
BNK1650-1,VYG1650,9600000,Rotterdam,2022-10-31,HSFO,1503,459.33,690372.99,Peninsula Petroleum,N
BNK1651-1,VYG1651,9600000,Rotterdam,2022-11-24,HSFO,711,482.04,342730.44,Monjasa,N
BNK1652-1,VYG1652,9600000,Las Palmas,2023-01-01,HSFO,1010,453.7,458237.0,Peninsula Petroleum,N
BNK1653-1,VYG1653,9600000,Las Palmas,2023-02-09,HSFO,510,471.46,240444.6,Monjasa,N
BNK1653-2,VYG1653,9600000,Hong Kong,2023-02-12,HSFO,491,444.99,218490.09,Peninsula Petroleum,N
BNK1654-1,VYG1654,9600000,Port Said,2023-03-06,HSFO,1592,463.32,737605.44,Vitol Bunkers,N
BNK1655-1,VYG1655,9600000,Singapore,2023-04-15,HSFO,1101,403.15,443868.15,Shell Marine,N
BNK1656-1,VYG1656,9600000,Fujairah,2023-05-19,HSFO,685,405.6,277836.0,Peninsula Petroleum,N
BNK1656-2,VYG1656,9600000,Port Said,2023-05-24,HSFO,868,447.46,388395.28,BP Marine,N
BNK1657-1,VYG1657,9600000,Port Said,2023-06-23,MDO,566,819.55,463865.3,BP Marine,N
BNK1658-1,VYG1658,9600000,Port Said,2023-07-14,HSFO,967,449.96,435111.32,BP Marine,N
BNK1658-2,VYG1658,9600000,Fujairah,2023-07-12,HSFO,745,453.44,337812.8,TotalEnergies Marine,N
BNK1659-1,VYG1659,9600000,Singapore,2023-08-30,HSFO,884,460.01,406648.84,Monjasa,N
BNK1660-1,VYG1660,9600000,Gibraltar,2023-09-19,MDO,1329,887.77,1179846.33,Peninsula Petroleum,N
BNK1661-1,VYG1661,9600000,Hong Kong,2023-10-19,HSFO,1061,461.88,490054.68,BP Marine,Y
BNK1662-1,VYG1662,9600000,Port Said,2023-11-30,HSFO,696,451.75,314418.0,Peninsula Petroleum,N
BNK1662-2,VYG1662,9600000,Hong Kong,2023-12-03,HSFO,1215,425.2,516618.0,Vitol Bunkers,N
BNK1663-1,VYG1663,9600000,Las Palmas,2023-12-27,HSFO,620,461.72,286266.4,Monjasa,N
BNK1663-2,VYG1663,9600000,Port Said,2023-12-27,HSFO,1711,420.81,720005.91,BP Marine,N
BNK1664-1,VYG1664,9600000,Busan,2024-01-16,HSFO,1752,434.03,760420.56,BP Marine,N
BNK1664-2,VYG1664,9600000,Las Palmas,2024-01-18,MDO,841,852.46,716918.86,Monjasa,N
BNK1665-1,VYG1665,9600000,Gibraltar,2024-02-08,HSFO,1819,451.35,821005.65,Peninsula Petroleum,N
BNK1665-2,VYG1665,9600000,Port Said,2024-02-08,MDO,1601,815.32,1305327.32,Vitol Bunkers,N
BNK1666-1,VYG1666,9600000,Singapore,2024-03-08,HSFO,1522,392.29,597065.38,BP Marine,N
BNK1666-2,VYG1666,9600000,Singapore,2024-03-14,MDO,662,788.51,521993.62,Vitol Bunkers,N
BNK1667-1,VYG1667,9600000,Port Said,2024-04-18,HSFO,716,393.58,281803.28,Monjasa,N
BNK1668-1,VYG1668,9600000,Rotterdam,2024-05-16,HSFO,1134,400.87,454586.58,Monjasa,N
BNK1669-1,VYG1669,9600000,Fujairah,2024-06-15,HSFO,958,388.8,372470.4,TotalEnergies Marine,Y
BNK1669-2,VYG1669,9600000,Rotterdam,2024-06-12,HSFO,579,405.48,234772.92,Shell Marine,N
BNK1670-1,VYG1670,9600000,Las Palmas,2024-07-23,HSFO,1413,429.64,607081.32,Monjasa,N
BNK1671-1,VYG1671,9600000,Port Said,2024-08-28,HSFO,1580,449.19,709720.2,Vitol Bunkers,N
BNK1672-1,VYG1672,9600000,Las Palmas,2024-09-29,HSFO,609,455.77,277563.93,Shell Marine,N
BNK1672-2,VYG1672,9600000,Las Palmas,2024-09-25,HSFO,669,454.91,304334.79,Monjasa,N
BNK1673-1,VYG1673,9600000,Rotterdam,2024-10-28,HSFO,1017,437.9,445344.3,Monjasa,N
BNK1674-1,VYG1674,9600000,Rotterdam,2024-11-20,HSFO,1171,452.03,529327.13,Vitol Bunkers,N
BNK1674-2,VYG1674,9600000,Hong Kong,2024-11-21,HSFO,588,395.7,232671.6,Shell Marine,N
BNK1675-1,VYG1675,9600000,Gibraltar,2024-12-16,HSFO,607,396.07,240414.49,Peninsula Petroleum,N
BNK1676-1,VYG1676,9601111,Las Palmas,2022-01-07,VLSFO,530,683.95,362493.5,TotalEnergies Marine,N
BNK1676-2,VYG1676,9601111,Busan,2022-01-06,VLSFO,955,641.7,612823.5,Monjasa,N
BNK1677-1,VYG1677,9601111,Fujairah,2022-02-08,VLSFO,675,691.01,466431.75,Shell Marine,N
BNK1677-2,VYG1677,9601111,Busan,2022-02-08,VLSFO,857,690.71,591938.47,BP Marine,N
BNK1678-1,VYG1678,9601111,Gibraltar,2022-03-12,MDO,400,944.25,377700.0,Shell Marine,N
BNK1678-2,VYG1678,9601111,Las Palmas,2022-03-12,VLSFO,381,711.84,271211.04,Vitol Bunkers,N
BNK1679-1,VYG1679,9601111,Singapore,2022-04-25,MDO,406,925.06,375574.36,Vitol Bunkers,N
BNK1680-1,VYG1680,9601111,Port Said,2022-05-22,VLSFO,1000,610.43,610430.0,Shell Marine,N
BNK1681-1,VYG1681,9601111,Las Palmas,2022-06-23,MDO,318,930.52,295905.36,Monjasa,N
BNK1681-2,VYG1681,9601111,Busan,2022-06-24,VLSFO,1222,673.07,822491.54,Vitol Bunkers,N
BNK1682-1,VYG1682,9601111,Gibraltar,2022-07-29,VLSFO,861,628.2,540880.2,TotalEnergies Marine,N
BNK1683-1,VYG1683,9601111,Singapore,2022-08-27,VLSFO,736,656.79,483397.44,BP Marine,N
BNK1683-2,VYG1683,9601111,Fujairah,2022-08-25,MDO,468,925.26,433021.68,Peninsula Petroleum,N
BNK1684-1,VYG1684,9601111,Gibraltar,2022-09-27,VLSFO,401,654.09,262290.09,Peninsula Petroleum,Y
BNK1685-1,VYG1685,9601111,Singapore,2022-11-04,VLSFO,986,641.93,632942.98,BP Marine,N
BNK1685-2,VYG1685,9601111,Hong Kong,2022-11-02,VLSFO,790,683.61,540051.9,Peninsula Petroleum,N
BNK1686-1,VYG1686,9601111,Singapore,2022-12-10,VLSFO,1219,698.89,851946.91,Peninsula Petroleum,N
BNK1687-1,VYG1687,9601111,Fujairah,2023-01-12,VLSFO,607,648.78,393809.46,Vitol Bunkers,N
BNK1687-2,VYG1687,9601111,Fujairah,2023-01-16,VLSFO,637,636.5,405450.5,Shell Marine,N
BNK1688-1,VYG1688,9601111,Rotterdam,2023-02-20,VLSFO,340,601.8,204612.0,TotalEnergies Marine,N
BNK1688-2,VYG1688,9601111,Gibraltar,2023-02-20,VLSFO,583,594.81,346774.23,TotalEnergies Marine,N
BNK1689-1,VYG1689,9601111,Busan,2023-03-23,VLSFO,411,622.22,255732.42,Peninsula Petroleum,N
BNK1690-1,VYG1690,9601111,Las Palmas,2023-04-11,VLSFO,931,581.15,541050.65,Shell Marine,N
BNK1691-1,VYG1691,9601111,Singapore,2023-05-14,VLSFO,1175,619.9,728382.5,Monjasa,N
BNK1692-1,VYG1692,9601111,Singapore,2023-06-14,VLSFO,1143,593.88,678804.84,Peninsula Petroleum,N
BNK1693-1,VYG1693,9601111,Singapore,2023-07-11,VLSFO,602,604.74,364053.48,TotalEnergies Marine,N
BNK1693-2,VYG1693,9601111,Singapore,2023-07-13,MDO,872,916.28,798996.16,TotalEnergies Marine,N
BNK1694-1,VYG1694,9601111,Port Said,2023-08-10,VLSFO,669,583.15,390127.35,Monjasa,N
BNK1694-2,VYG1694,9601111,Busan,2023-08-06,VLSFO,1036,641.66,664759.76,Vitol Bunkers,N
BNK1695-1,VYG1695,9601111,Fujairah,2023-08-25,VLSFO,446,608.65,271457.9,Vitol Bunkers,N
BNK1696-1,VYG1696,9601111,Gibraltar,2023-10-02,VLSFO,312,629.41,196375.92,BP Marine,N
BNK1697-1,VYG1697,9601111,Port Said,2023-11-11,VLSFO,318,615.8,195824.4,Peninsula Petroleum,N
BNK1697-2,VYG1697,9601111,Las Palmas,2023-11-07,VLSFO,1040,573.24,596169.6,Shell Marine,N
BNK1698-1,VYG1698,9601111,Rotterdam,2023-11-29,VLSFO,980,653.64,640567.2,Shell Marine,N
BNK1698-2,VYG1698,9601111,Hong Kong,2023-12-04,VLSFO,526,604.34,317882.84,Monjasa,N
BNK1699-1,VYG1699,9601111,Singapore,2024-01-01,VLSFO,1277,625.4,798635.8,TotalEnergies Marine,N
BNK1700-1,VYG1700,9601111,Las Palmas,2024-02-06,VLSFO,1018,563.95,574101.1,BP Marine,N
BNK1700-2,VYG1700,9601111,Rotterdam,2024-02-06,VLSFO,830,583.13,483997.9,BP Marine,N
BNK1701-1,VYG1701,9601111,Port Said,2024-02-24,VLSFO,643,599.41,385420.63,BP Marine,N
BNK1702-1,VYG1702,9601111,Fujairah,2024-03-24,VLSFO,517,625.32,323290.44,Monjasa,N
BNK1703-1,VYG1703,9601111,Singapore,2024-04-29,VLSFO,668,582.26,388949.68,TotalEnergies Marine,N
BNK1704-1,VYG1704,9601111,Port Said,2024-05-29,VLSFO,1095,544.88,596643.6,Shell Marine,N
BNK1705-1,VYG1705,9601111,Busan,2024-07-07,VLSFO,1203,543.89,654299.67,TotalEnergies Marine,N
BNK1705-2,VYG1705,9601111,Gibraltar,2024-07-05,VLSFO,487,560.07,272754.09,Shell Marine,N
BNK1706-1,VYG1706,9601111,Singapore,2024-08-24,VLSFO,1214,587.21,712872.94,BP Marine,N
BNK1706-2,VYG1706,9601111,Busan,2024-08-20,VLSFO,1121,549.94,616482.74,TotalEnergies Marine,N
BNK1707-1,VYG1707,9601111,Port Said,2024-09-26,VLSFO,521,592.79,308843.59,Peninsula Petroleum,N
BNK1708-1,VYG1708,9601111,Las Palmas,2024-10-26,VLSFO,1146,550.65,631044.9,TotalEnergies Marine,N
BNK1709-1,VYG1709,9601111,Rotterdam,2024-11-18,MDO,1218,864.91,1053460.38,Shell Marine,N
BNK1710-1,VYG1710,9601111,Gibraltar,2024-12-11,VLSFO,725,566.84,410959.0,Peninsula Petroleum,N
