invoice_id,voyage_id,imo_number,charterer,worldscale_points,flat_rate_usd_per_mt,cargo_qty_mt,overage_qty_mt,gross_freight_usd,currency,invoice_date,payment_status,payment_date
INV1000,VYG1000,9481234,Litasco,112.73,10.6588,283971,0,3412052.04,USD,2022-02-05,Paid,2022-03-04
INV1001,VYG1001,9481234,Litasco,68.77,15.1167,286623,0,2979479.36,USD,2022-03-12,Paid,2022-04-06
INV1002,VYG1002,9481234,Chevron Products,104.03,12.3816,282371,0,3637184.5,USD,2022-04-09,Paid,2022-05-02
INV1003,VYG1003,9481234,Vitol Group,53.48,15.8526,279702,0,2371354.07,USD,2022-05-13,Paid,2022-06-18
INV1004,VYG1004,9481234,Saudi Aramco Trading,74.64,12.4477,273720,0,2542983.32,USD,2022-06-11,Paid,2022-06-30
INV1005,VYG1005,9481234,Vitol Group,115.09,13.5713,268939,0,4200538.08,USD,2022-07-16,Paid,2022-08-11
INV1006,VYG1006,9481234,Glencore Energy,58.44,12.1923,285388,320,2033320.9,USD,2022-08-15,Paid,2022-09-08
INV1007,VYG1007,9481234,Trafigura,108.45,12.0598,277159,0,3625042.84,USD,2022-09-17,Paid,2022-10-30
INV1008,VYG1008,9481234,BP Oil International,99.09,11.7072,283147,0,3284562.3,USD,2022-10-22,Paid,2022-11-22
INV1009,VYG1009,9481234,Freepoint Commodities,135.91,13.1773,272459,0,4879397.39,USD,2022-11-26,Paid,2022-12-29
INV1010,VYG1010,9481234,Litasco,74.94,11.4482,283526,0,2432401.89,USD,2023-01-08,Paid,2023-02-02
INV1011,VYG1011,9481234,BP Oil International,73.32,13.3689,286649,0,2809943.21,USD,2023-02-02,Paid,2023-03-08
INV1012,VYG1012,9481234,Chevron Products,92.63,15.9682,280125,0,4143236.9,USD,2023-02-27,Paid,2023-04-03
INV1013,VYG1013,9481234,ExxonMobil Oil,123.76,10.6588,277205,0,3656661.82,USD,2023-03-21,Paid,2023-04-17
INV1014,VYG1014,9481234,Freepoint Commodities,140.53,17.7684,279840,1888,6987836.54,USD,2023-04-20,Paid,2023-06-02
INV1015,VYG1015,9481234,ExxonMobil Oil,55.3,10.2465,269536,0,1527279.37,USD,2023-05-07,Paid,2023-05-29
INV1016,VYG1016,9481234,Vitol Group,96.61,11.8754,271533,0,3115216.13,USD,2023-06-01,Paid,2023-06-17
INV1017,VYG1017,9481234,Chevron Products,51.05,14.1891,286558,0,2075814.35,USD,2023-07-10,Paid,2023-07-31
INV1018,VYG1018,9481234,TotalEnergies Trading,86.66,10.01,263799,401,2288385.48,USD,2023-08-08,Paid,2023-08-26
INV1019,VYG1019,9481234,ExxonMobil Oil,93.95,11.9986,267942,0,3020423.32,USD,2023-09-11,Paid,2023-10-10
INV1020,VYG1020,9481234,Glencore Energy,71.03,11.9349,274512,0,2327304.26,USD,2023-10-16,Paid,2023-11-25
INV1021,VYG1021,9481234,Vitol Group,67.83,11.9844,265740,1090,2160057.91,USD,2023-11-16,Outstanding,
INV1022,VYG1022,9481234,ExxonMobil Oil,116.16,10.9027,271069,0,3432857.61,USD,2023-12-11,Paid,2023-12-26
INV1023,VYG1023,9481234,TotalEnergies Trading,45.93,11.1299,276555,0,1413619.2,USD,2024-01-24,Paid,2024-02-29
INV1024,VYG1024,9481234,Litasco,69.16,13.4153,269170,0,2497500.38,USD,2024-02-15,Paid,2024-03-15
INV1025,VYG1025,9481234,Gunvor Group,130.34,13.7147,288732,0,5161182.68,USD,2024-03-16,Paid,2024-04-29
INV1026,VYG1026,9481234,BP Oil International,70.43,15.5128,280584,0,3065400.37,USD,2024-04-28,Paid,2024-06-09
INV1027,VYG1027,9481234,Glencore Energy,81.15,14.879,264364,0,3192144.98,USD,2024-05-20,Paid,2024-06-07
INV1028,VYG1028,9481234,Mercuria Energy,66.64,15.9676,280690,1751,2986572.04,USD,2024-06-18,Paid,2024-07-03
INV1029,VYG1029,9481234,Saudi Aramco Trading,79.65,10.1142,273491,0,2203174.66,USD,2024-07-28,Paid,2024-08-16
INV1030,VYG1030,9481234,ExxonMobil Oil,118.86,11.9029,286523,0,4053605.95,USD,2024-08-15,Paid,2024-09-25
INV1031,VYG1031,9481234,BP Oil International,59.37,14.1586,291161,0,2447560.15,USD,2024-09-09,Paid,2024-09-29
INV1032,VYG1032,9481234,Shell Trading,45.4,10.0995,278688,0,1277851.42,USD,2024-10-22,Paid,2024-12-05
INV1033,VYG1033,9481234,Saudi Aramco Trading,134.73,15.2823,289915,0,5969306.91,USD,2024-11-13,Paid,2024-12-14
INV1034,VYG1034,9481234,TotalEnergies Trading,50.05,13.5674,271528,0,1843879.79,USD,2024-12-05,Paid,2024-12-28
INV1035,VYG1035,9481234,Chevron Products,46.82,13.5743,266341,0,1692582.02,USD,2025-01-10,Paid,2025-01-31
INV1036,VYG1036,9512345,Castleton Commodities,106.08,13.3212,273752,0,3868328.98,USD,2022-01-28,Paid,2022-02-23
INV1037,VYG1037,9512345,Vitol Group,101.69,14.5505,291124,0,4307758.15,USD,2022-03-08,Paid,2022-04-21
INV1038,VYG1038,9512345,Freepoint Commodities,46.25,15.8526,267593,0,1961815.77,USD,2022-04-13,Paid,2022-05-13
INV1039,VYG1039,9512345,TotalEnergies Trading,133.97,12.37,289296,0,4794099.95,USD,2022-05-09,Paid,2022-06-13
INV1040,VYG1040,9512345,Saudi Aramco Trading,62.84,9.7171,272110,0,1661671.98,USD,2022-06-15,Paid,2022-07-25
INV1041,VYG1041,9512345,Litasco,91.98,14.401,265499,0,3516806.25,USD,2022-07-17,Paid,2022-08-27
INV1042,VYG1042,9512345,Equinor Trading,119.17,14.3868,266344,0,4566469.09,USD,2022-08-07,Paid,2022-09-14
INV1043,VYG1043,9512345,Vitol Group,135.4,15.1934,280571,0,5771767.87,USD,2022-09-03,Paid,2022-10-11
INV1044,VYG1044,9512345,Chevron Products,119.36,17.7684,291689,0,6186252.16,USD,2022-09-24,Paid,2022-11-07
INV1045,VYG1045,9512345,Vitol Group,133.76,12.3678,269535,0,4458859.3,USD,2022-10-22,Paid,2022-11-15
INV1046,VYG1046,9512345,BP Oil International,85.91,9.3947,283403,0,2287444.6,USD,2022-11-27,Paid,2023-01-09
INV1047,VYG1047,9512345,Vitol Group,82.72,12.3646,284034,0,2905129.79,USD,2022-12-26,Paid,2023-01-13
INV1048,VYG1048,9512345,Vitol Group,78.95,15.7294,274547,0,3409325.68,USD,2023-01-26,Paid,2023-02-17
INV1049,VYG1049,9512345,BP Oil International,133.1,11.6687,291205,0,4522831.22,USD,2023-02-24,Paid,2023-03-17
INV1050,VYG1050,9512345,Equinor Trading,91.84,11.5566,281604,0,2988891.24,USD,2023-03-27,Paid,2023-04-12
INV1051,VYG1051,9512345,Shell Trading,110.25,12.973,291522,0,4169646.44,USD,2023-04-27,Paid,2023-05-15
INV1052,VYG1052,9512345,Vitol Group,121.48,15.2603,286105,0,5303878.54,USD,2023-06-01,Outstanding,
INV1053,VYG1053,9512345,TotalEnergies Trading,140.3,10.4309,286464,0,4192283.11,USD,2023-06-26,Paid,2023-07-17
INV1054,VYG1054,9512345,Vitol Group,54.7,15.0748,280682,0,2314383.72,USD,2023-07-28,Paid,2023-08-27
INV1055,VYG1055,9512345,Shell Trading,70.33,10.9619,282140,0,2175016.3,USD,2023-08-20,Paid,2023-09-19
INV1056,VYG1056,9512345,TotalEnergies Trading,74.6,15.8526,284948,0,3369951.05,USD,2023-09-26,Paid,2023-10-11
INV1057,VYG1057,9512345,Freepoint Commodities,65.68,15.6492,280423,0,2882363.71,USD,2023-10-26,Paid,2023-12-01
INV1058,VYG1058,9512345,Shell Trading,71.45,15.0789,290170,0,3126423.26,USD,2023-11-14,Paid,2023-11-30
INV1059,VYG1059,9512345,Trafigura,69.53,14.2615,266127,0,2638759.87,USD,2023-12-11,Paid,2024-01-17
INV1060,VYG1060,9512345,TotalEnergies Trading,98.09,11.4904,280325,0,3159375.18,USD,2024-01-02,Paid,2024-01-18
INV1061,VYG1061,9512345,Chevron Products,133.8,14.6642,277740,0,5449389.87,USD,2024-02-08,Paid,2024-03-07
INV1062,VYG1062,9512345,Shell Trading,98.66,12.6074,269746,0,3355110.56,USD,2024-03-13,Paid,2024-04-02
INV1063,VYG1063,9512345,Shell Trading,93.2,15.7192,264150,0,3870011.15,USD,2024-04-15,Paid,2024-05-28
INV1064,VYG1064,9512345,BP Oil International,70.32,9.3947,264231,0,1745562.23,USD,2024-05-20,Paid,2024-06-04
INV1065,VYG1065,9512345,Mercuria Energy,105.81,12.7901,289624,0,3919644.46,USD,2024-06-16,Paid,2024-07-20
INV1066,VYG1066,9512345,Chevron Products,143.86,9.7171,285933,0,3997065.55,USD,2024-07-20,Paid,2024-08-29
INV1067,VYG1067,9512345,Castleton Commodities,137.07,12.0483,288278,0,4760687.52,USD,2024-08-21,Paid,2024-09-06
INV1068,VYG1068,9512345,Vitol Group,107.27,14.505,266852,0,4152130.17,USD,2024-10-01,Paid,2024-10-22
INV1069,VYG1069,9512345,Equinor Trading,88.8,13.8341,273650,0,3361659.14,USD,2024-10-30,Paid,2024-11-22
INV1070,VYG1070,9512345,Chevron Products,51.21,15.8526,271541,0,2204240.21,USD,2024-11-24,Paid,2025-01-01
INV1071,VYG1071,9512345,Saudi Aramco Trading,84.29,15.8526,272481,0,3641048.07,USD,2025-01-11,Paid,2025-02-16
INV1072,VYG1072,9523456,Castleton Commodities,111.0,13.5982,281848,0,4254018.92,USD,2022-02-03,Paid,2022-03-05
INV1073,VYG1073,9523456,Equinor Trading,62.72,14.0686,271872,1978,2399080.91,USD,2022-03-02,Paid,2022-03-30
INV1074,VYG1074,9523456,ExxonMobil Oil,134.25,14.4977,268631,0,5228365.02,USD,2022-04-14,Paid,2022-05-28
INV1075,VYG1075,9523456,Castleton Commodities,75.25,15.6852,269909,0,3185685.71,USD,2022-05-12,Paid,2022-06-06
INV1076,VYG1076,9523456,Litasco,101.18,17.7684,289772,0,5209641.55,USD,2022-06-12,Paid,2022-07-12
INV1077,VYG1077,9523456,Chevron Products,109.71,12.0542,268630,0,3552442.37,USD,2022-07-14,Paid,2022-08-10
INV1078,VYG1078,9523456,ExxonMobil Oil,54.17,14.0049,279832,1379,2123031.48,USD,2022-08-01,Paid,2022-09-11
INV1079,VYG1079,9523456,Castleton Commodities,64.78,14.6689,280623,0,2666665.91,USD,2022-09-11,Paid,2022-10-23
INV1080,VYG1080,9523456,Freepoint Commodities,57.94,11.6509,268408,0,1811782.68,USD,2022-10-21,Paid,2022-11-13
INV1081,VYG1081,9523456,Glencore Energy,136.03,15.8526,286031,0,6168171.14,USD,2022-11-21,Paid,2022-12-29
INV1082,VYG1082,9523456,Litasco,106.01,11.5306,276758,0,3382862.16,USD,2023-01-02,Paid,2023-02-07
INV1083,VYG1083,9523456,Saudi Aramco Trading,84.97,14.1126,294031,0,3525758.3,USD,2023-01-25,Paid,2023-03-02
INV1084,VYG1084,9523456,Saudi Aramco Trading,106.02,15.8526,294031,0,4941879.87,USD,2023-02-19,Outstanding,
INV1085,VYG1085,9523456,Mercuria Energy,77.22,15.7308,295556,0,3590293.49,USD,2023-03-21,Paid,2023-04-19
INV1086,VYG1086,9523456,Castleton Commodities,69.42,12.6693,284999,0,2506601.2,USD,2023-04-27,Paid,2023-06-08
INV1087,VYG1087,9523456,ExxonMobil Oil,119.5,14.588,266131,0,4639339.41,USD,2023-05-19,Paid,2023-06-25
INV1088,VYG1088,9523456,Chevron Products,69.02,13.8689,279117,0,2671900.42,USD,2023-06-24,Paid,2023-07-17
INV1089,VYG1089,9523456,Glencore Energy,86.0,11.3131,269099,0,2618091.31,USD,2023-07-30,Paid,2023-09-07
INV1090,VYG1090,9523456,Litasco,45.75,12.0168,268973,0,1478749.34,USD,2023-09-02,Paid,2023-10-10
INV1091,VYG1091,9523456,Trafigura,122.43,10.6942,268491,0,3515439.55,USD,2023-10-06,Outstanding,
INV1092,VYG1092,9523456,Freepoint Commodities,60.4,10.6588,289218,0,1861843.08,USD,2023-11-08,Paid,2023-12-01
INV1093,VYG1093,9523456,Freepoint Commodities,51.96,10.828,266852,0,1501485.76,USD,2023-12-21,Paid,2024-01-19
INV1094,VYG1094,9523456,Vitol Group,111.35,10.6711,272964,0,3243286.28,USD,2024-01-22,Paid,2024-02-10
INV1095,VYG1095,9523456,Gunvor Group,100.22,13.0046,293779,0,3828824.94,USD,2024-02-10,Paid,2024-02-25
INV1096,VYG1096,9523456,Gunvor Group,144.94,13.0988,271853,0,5161298.99,USD,2024-03-28,Paid,2024-04-15
INV1097,VYG1097,9523456,Shell Trading,76.83,12.7673,284786,863,2793584.81,USD,2024-04-25,Paid,2024-05-30
INV1098,VYG1098,9523456,Shell Trading,80.33,14.7248,273936,0,3240381.67,USD,2024-06-01,Paid,2024-07-10
INV1099,VYG1099,9523456,Litasco,77.15,14.4929,267405,0,2990110.26,USD,2024-07-11,Paid,2024-08-19
INV1100,VYG1100,9523456,Mercuria Energy,59.39,15.2744,270988,0,2458296.51,USD,2024-08-05,Paid,2024-08-22
INV1101,VYG1101,9523456,Litasco,51.75,10.3168,279608,0,1492870.93,USD,2024-08-22,Paid,2024-09-06
INV1102,VYG1102,9523456,Gunvor Group,48.48,16.6567,294329,0,2376941.36,USD,2024-10-04,Paid,2024-11-12
INV1103,VYG1103,9523456,Chevron Products,131.08,14.9387,285366,0,5587958.53,USD,2024-11-04,Paid,2024-12-05
INV1104,VYG1104,9523456,Litasco,84.45,14.4268,280079,0,3412245.47,USD,2024-12-04,Paid,2024-12-26
INV1105,VYG1105,9523456,Gunvor Group,120.03,12.7881,274962,0,4220417.82,USD,2024-12-22,Paid,2025-01-17
INV1106,VYG1106,9523456,Vitol Group,120.15,10.7135,278105,0,3579802.67,USD,2025-01-26,Paid,2025-02-12
INV1107,VYG1107,9534567,Chevron Products,141.43,12.391,139609,0,2446534.51,USD,2022-02-03,Paid,2022-03-19
INV1108,VYG1108,9534567,Trafigura,102.12,12.3575,147979,0,1867357.05,USD,2022-02-22,Outstanding,
INV1109,VYG1109,9534567,Equinor Trading,75.19,11.3248,144036,0,1226507.69,USD,2022-04-05,Paid,2022-04-27
INV1110,VYG1110,9534567,Saudi Aramco Trading,114.47,13.3055,144738,0,2204548.8,USD,2022-04-29,Paid,2022-05-27
INV1111,VYG1111,9534567,ExxonMobil Oil,60.19,13.6094,153592,0,1258211.07,USD,2022-06-03,Paid,2022-06-26
INV1112,VYG1112,9534567,BP Oil International,134.58,14.9597,152270,0,3065622.93,USD,2022-07-05,Paid,2022-08-11
INV1113,VYG1113,9534567,Glencore Energy,109.8,11.8885,152343,0,1988646.16,USD,2022-07-26,Paid,2022-09-04
INV1114,VYG1114,9534567,Vitol Group,55.11,10.6588,143999,0,845888.87,USD,2022-08-20,Paid,2022-09-27
INV1115,VYG1115,9534567,Equinor Trading,148.48,12.8197,152573,0,2904143.24,USD,2022-09-12,Paid,2022-10-11
INV1116,VYG1116,9534567,Litasco,77.59,13.5146,144805,0,1518497.98,USD,2022-10-07,Paid,2022-10-22
INV1117,VYG1117,9534567,TotalEnergies Trading,65.41,11.2419,143953,0,1058558.47,USD,2022-11-20,Paid,2022-12-07
INV1118,VYG1118,9534567,Glencore Energy,145.33,11.9224,139209,1145,2412039.77,USD,2022-12-27,Paid,2023-01-21
INV1119,VYG1119,9534567,Shell Trading,82.8,13.6629,141661,0,1602687.29,USD,2023-01-31,Paid,2023-02-21
INV1120,VYG1120,9534567,Equinor Trading,65.48,10.6444,154687,0,1078200.16,USD,2023-03-16,Paid,2023-04-03
INV1121,VYG1121,9534567,Glencore Energy,144.5,14.5256,140304,0,2944918.51,USD,2023-04-13,Paid,2023-05-22
INV1122,VYG1122,9534567,Freepoint Commodities,59.64,12.4076,141898,0,1050000.68,USD,2023-05-13,Outstanding,
INV1123,VYG1123,9534567,Equinor Trading,139.65,11.022,143654,0,2211164.68,USD,2023-06-08,Outstanding,
INV1124,VYG1124,9534567,Glencore Energy,106.84,15.8253,142889,0,2415832.62,USD,2023-07-21,Paid,2023-08-16
INV1125,VYG1125,9534567,Trafigura,68.45,11.9265,149629,0,1221446.19,USD,2023-08-24,Paid,2023-09-13
INV1126,VYG1126,9534567,Vitol Group,116.88,12.152,144387,0,2050767.96,USD,2023-10-04,Paid,2023-10-31
INV1127,VYG1127,9534567,TotalEnergies Trading,152.31,13.7686,152501,0,3198097.72,USD,2023-11-08,Paid,2023-12-04
INV1128,VYG1128,9534567,Litasco,114.63,12.7709,144421,0,2114278.15,USD,2023-12-04,Paid,2024-01-07
INV1129,VYG1129,9534567,Gunvor Group,91.3,12.2716,145337,0,1628376.7,USD,2024-01-08,Paid,2024-01-25
INV1130,VYG1130,9534567,Vitol Group,95.86,11.2872,142067,0,1537079.05,USD,2024-02-11,Paid,2024-03-13
INV1131,VYG1131,9534567,Freepoint Commodities,141.81,15.565,143899,1275,3176315.02,USD,2024-03-13,Paid,2024-04-16
INV1132,VYG1132,9534567,Gunvor Group,96.21,15.5434,149053,1309,2229005.17,USD,2024-04-18,Paid,2024-05-04
INV1133,VYG1133,9534567,Saudi Aramco Trading,126.44,13.376,151070,0,2555070.52,USD,2024-05-20,Paid,2024-06-04
INV1134,VYG1134,9534567,Equinor Trading,107.12,12.7945,152735,0,2093386.98,USD,2024-06-23,Paid,2024-07-08
INV1135,VYG1135,9534567,Shell Trading,147.27,12.2384,147779,0,2663488.9,USD,2024-07-27,Paid,2024-08-27
INV1136,VYG1136,9534567,Litasco,136.37,12.9795,150633,0,2666143.31,USD,2024-08-16,Outstanding,
INV1137,VYG1137,9534567,Chevron Products,144.84,11.1257,139686,0,2250993.7,USD,2024-09-20,Paid,2024-10-22
INV1138,VYG1138,9534567,BP Oil International,65.62,14.8658,154491,0,1506959.35,USD,2024-10-31,Paid,2024-12-04
INV1139,VYG1139,9534567,TotalEnergies Trading,118.76,12.5499,147816,0,2203032.18,USD,2024-12-09,Paid,2024-12-27
INV1140,VYG1140,9534567,Vitol Group,138.45,15.0263,144928,0,3015043.69,USD,2025-01-02,Paid,2025-02-07
INV1141,VYG1141,9545678,Trafigura,57.52,13.7686,149358,0,1182802.53,USD,2022-01-24,Paid,2022-02-25
INV1142,VYG1142,9545678,Equinor Trading,125.17,12.2604,138928,1246,2132117.93,USD,2022-02-24,Paid,2022-03-24
INV1143,VYG1143,9545678,Gunvor Group,109.84,11.286,138230,0,1713510.7,USD,2022-04-01,Paid,2022-04-20
INV1144,VYG1144,9545678,Glencore Energy,65.17,15.8526,152221,0,1572495.56,USD,2022-05-01,Paid,2022-05-28
INV1145,VYG1145,9545678,Chevron Products,63.48,13.91,143624,0,1268155.37,USD,2022-06-03,Paid,2022-07-14
INV1146,VYG1146,9545678,ExxonMobil Oil,100.26,10.2154,142474,0,1459255.98,USD,2022-07-07,Outstanding,
INV1147,VYG1147,9545678,Litasco,59.24,14.2348,143528,0,1210365.6,USD,2022-08-08,Paid,2022-09-03
INV1148,VYG1148,9545678,Chevron Products,153.27,15.0249,144564,208,3329035.8,USD,2022-09-07,Paid,2022-10-17
INV1149,VYG1149,9545678,Glencore Energy,71.35,15.125,149163,0,1609822.86,USD,2022-10-07,Paid,2022-11-18
INV1150,VYG1150,9545678,Castleton Commodities,101.73,10.3787,140269,0,1480947.56,USD,2022-11-06,Paid,2022-12-20
INV1151,VYG1151,9545678,Mercuria Energy,85.03,15.7862,138437,0,1858353.82,USD,2022-11-25,Paid,2022-12-12
INV1152,VYG1152,9545678,BP Oil International,142.15,15.8554,153219,0,3453364.65,USD,2023-01-08,Outstanding,
INV1153,VYG1153,9545678,Glencore Energy,138.56,13.2741,152242,0,2800071.0,USD,2023-02-15,Paid,2023-03-08
INV1154,VYG1154,9545678,Saudi Aramco Trading,129.01,17.7684,149814,0,3434138.03,USD,2023-03-25,Paid,2023-04-17
INV1155,VYG1155,9545678,Saudi Aramco Trading,96.11,10.5385,141949,0,1437713.87,USD,2023-04-23,Paid,2023-05-29
INV1156,VYG1156,9545678,Freepoint Commodities,152.72,13.6733,146975,0,3069155.38,USD,2023-05-18,Paid,2023-06-27
INV1157,VYG1157,9545678,ExxonMobil Oil,157.45,11.3122,145637,0,2593992.6,USD,2023-06-22,Paid,2023-08-02
INV1158,VYG1158,9545678,TotalEnergies Trading,79.82,10.2947,150525,467,1236865.8,USD,2023-07-29,Paid,2023-08-18
INV1159,VYG1159,9545678,Equinor Trading,114.7,15.4747,148410,0,2634195.1,USD,2023-08-23,Paid,2023-09-23
INV1160,VYG1160,9545678,Gunvor Group,139.06,13.7067,153228,0,2920641.98,USD,2023-10-09,Outstanding,
INV1161,VYG1161,9545678,Castleton Commodities,64.51,17.7684,139188,0,1595448.73,USD,2023-10-30,Paid,2023-12-09
INV1162,VYG1162,9545678,Chevron Products,135.93,13.2429,139912,0,2518580.68,USD,2023-12-01,Paid,2023-12-21
INV1163,VYG1163,9545678,Shell Trading,125.65,12.6086,141410,0,2240302.65,USD,2023-12-27,Paid,2024-02-07
INV1164,VYG1164,9545678,Equinor Trading,153.35,11.1274,139919,0,2387568.89,USD,2024-01-16,Paid,2024-02-15
INV1165,VYG1165,9545678,Gunvor Group,108.36,12.62,145845,0,1994440.53,USD,2024-02-11,Outstanding,
INV1166,VYG1166,9545678,Saudi Aramco Trading,105.18,12.5306,142247,0,1874848.39,USD,2024-03-16,Paid,2024-04-02
INV1167,VYG1167,9545678,Vitol Group,121.95,10.305,148887,0,1871039.03,USD,2024-04-05,Paid,2024-05-19
INV1168,VYG1168,9545678,Litasco,104.93,10.362,145394,0,1580903.46,USD,2024-05-02,Paid,2024-06-10
INV1169,VYG1169,9545678,Equinor Trading,99.96,13.8276,140329,0,1939597.99,USD,2024-05-25,Paid,2024-07-04
INV1170,VYG1170,9545678,Mercuria Energy,124.57,14.0311,139896,0,2445096.17,USD,2024-07-09,Paid,2024-08-21
INV1171,VYG1171,9545678,Equinor Trading,140.27,13.0346,147426,0,2695533.48,USD,2024-07-30,Paid,2024-09-05
INV1172,VYG1172,9545678,Litasco,133.25,17.3043,140715,0,3244509.93,USD,2024-08-30,Paid,2024-09-19
INV1173,VYG1173,9545678,Trafigura,148.94,13.7686,152585,0,3129090.09,USD,2024-10-14,Outstanding,
INV1174,VYG1174,9545678,Litasco,75.76,11.748,150926,0,1343193.66,USD,2024-11-21,Paid,2024-12-27
INV1175,VYG1175,9545678,Vitol Group,129.36,11.0511,141556,0,2023585.41,USD,2024-12-30,Paid,2025-02-07
INV1176,VYG1176,9545678,Litasco,83.71,11.85,143599,0,1424451.59,USD,2025-01-31,Paid,2025-03-11
INV1177,VYG1177,9556789,BP Oil International,62.34,12.8867,152129,0,1222197.76,USD,2022-01-25,Paid,2022-02-12
INV1178,VYG1178,9556789,TotalEnergies Trading,102.07,14.9233,142816,0,2175308.94,USD,2022-02-21,Paid,2022-03-13
INV1179,VYG1179,9556789,Trafigura,104.09,12.3524,148916,0,1914622.29,USD,2022-03-23,Paid,2022-04-12
INV1180,VYG1180,9556789,Litasco,83.64,10.7853,150154,0,1354590.36,USD,2022-05-03,Paid,2022-06-12
INV1181,VYG1181,9556789,BP Oil International,79.78,14.5789,149379,0,1737431.75,USD,2022-06-08,Outstanding,
INV1182,VYG1182,9556789,Equinor Trading,122.51,17.3043,145516,0,3084982.06,USD,2022-07-14,Paid,2022-08-27
INV1183,VYG1183,9556789,Trafigura,150.4,14.7487,150331,1029,3334736.71,USD,2022-08-20,Paid,2022-09-21
INV1184,VYG1184,9556789,Mercuria Energy,106.9,12.4442,149656,0,1990903.54,USD,2022-09-30,Paid,2022-11-03
INV1185,VYG1185,9556789,TotalEnergies Trading,66.41,11.3511,149871,0,1129746.92,USD,2022-11-08,Paid,2022-12-16
INV1186,VYG1186,9556789,BP Oil International,146.66,15.3394,140999,0,3171928.33,USD,2022-12-07,Paid,2023-01-13
INV1187,VYG1187,9556789,Chevron Products,118.66,15.6328,142305,0,2639778.13,USD,2023-01-02,Paid,2023-02-04
INV1188,VYG1188,9556789,Glencore Energy,72.83,11.1711,156184,0,1270683.3,USD,2023-01-30,Paid,2023-03-08
INV1189,VYG1189,9556789,Trafigura,142.58,14.088,155401,0,3121542.51,USD,2023-02-23,Paid,2023-03-16
INV1190,VYG1190,9556789,Chevron Products,82.79,15.4797,146864,0,1882265.56,USD,2023-04-04,Paid,2023-05-18
INV1191,VYG1191,9556789,Trafigura,79.7,11.6572,153327,0,1424568.44,USD,2023-05-09,Outstanding,
INV1192,VYG1192,9556789,Saudi Aramco Trading,100.15,12.5951,153569,0,1937030.02,USD,2023-06-13,Paid,2023-07-05
INV1193,VYG1193,9556789,Equinor Trading,94.72,10.6588,141170,0,1425301.22,USD,2023-07-07,Paid,2023-07-28
INV1194,VYG1194,9556789,Vitol Group,159.38,10.2319,147114,0,2399040.98,USD,2023-08-14,Paid,2023-09-04
INV1195,VYG1195,9556789,BP Oil International,64.35,12.3714,147346,0,1173010.91,USD,2023-09-17,Paid,2023-10-24
INV1196,VYG1196,9556789,Mercuria Energy,75.53,12.4603,146835,0,1381848.47,USD,2023-10-22,Paid,2023-11-20
INV1197,VYG1197,9556789,Castleton Commodities,127.49,15.8979,151752,0,3075802.51,USD,2023-11-13,Paid,2023-12-10
INV1198,VYG1198,9556789,Shell Trading,80.82,14.3789,152856,0,1776275.32,USD,2023-12-16,Paid,2024-01-22
INV1199,VYG1199,9556789,Equinor Trading,76.06,11.1123,143772,0,1215142.84,USD,2024-01-18,Paid,2024-02-15
INV1200,VYG1200,9556789,Litasco,150.3,14.8163,148503,0,3306970.86,USD,2024-02-18,Paid,2024-03-11
INV1201,VYG1201,9556789,Equinor Trading,69.18,15.6628,142571,0,1544808.35,USD,2024-03-22,Paid,2024-04-18
INV1202,VYG1202,9556789,Litasco,96.92,12.0226,155226,0,1808653.85,USD,2024-04-10,Paid,2024-04-29
INV1203,VYG1203,9556789,BP Oil International,77.15,17.3043,141949,0,1895007.14,USD,2024-05-25,Paid,2024-07-04
INV1204,VYG1204,9556789,Glencore Energy,60.31,15.2045,154332,0,1415115.33,USD,2024-06-19,Paid,2024-07-13
INV1205,VYG1205,9556789,Equinor Trading,68.47,12.0226,144852,0,1192415.38,USD,2024-07-20,Paid,2024-09-01
INV1206,VYG1206,9556789,TotalEnergies Trading,147.05,13.1647,145536,0,2817419.38,USD,2024-08-20,Paid,2024-09-26
INV1207,VYG1207,9556789,BP Oil International,85.22,10.7071,153157,0,1397568.24,USD,2024-09-22,Paid,2024-10-14
INV1208,VYG1208,9556789,Gunvor Group,116.18,12.3706,142406,0,2046642.8,USD,2024-10-21,Paid,2024-11-28
INV1209,VYG1209,9556789,Mercuria Energy,132.33,14.0678,147417,0,2744411.51,USD,2024-11-21,Paid,2024-12-21
INV1210,VYG1210,9556789,Freepoint Commodities,155.87,14.331,154793,0,3457634.48,USD,2024-12-31,Outstanding,
INV1211,VYG1211,9567890,Gunvor Group,152.97,12.8436,102206,0,2008013.58,USD,2022-02-04,Outstanding,
INV1212,VYG1212,9567890,Freepoint Commodities,123.61,14.6167,105289,0,1902313.38,USD,2022-02-16,Paid,2022-03-11
INV1213,VYG1213,9567890,Mercuria Energy,197.4,15.3012,104350,0,3151797.89,USD,2022-03-24,Paid,2022-04-17
INV1214,VYG1214,9567890,Chevron Products,148.83,13.9509,110211,0,2288278.66,USD,2022-04-15,Paid,2022-05-24
INV1215,VYG1215,9567890,Trafigura,162.55,13.3811,102300,0,2225122.24,USD,2022-05-10,Paid,2022-06-08
INV1216,VYG1216,9567890,Castleton Commodities,182.46,17.3043,106311,913,3356651.89,USD,2022-06-02,Outstanding,
INV1217,VYG1217,9567890,Litasco,167.46,12.7787,101555,0,2173213.84,USD,2022-06-28,Paid,2022-08-07
INV1218,VYG1218,9567890,Saudi Aramco Trading,98.07,13.1878,101167,0,1308419.34,USD,2022-08-05,Paid,2022-09-12
INV1219,VYG1219,9567890,Equinor Trading,73.53,15.7511,103309,0,1196561.72,USD,2022-09-07,Paid,2022-10-13
INV1220,VYG1220,9567890,Saudi Aramco Trading,139.11,12.8568,101835,0,1821324.81,USD,2022-09-29,Paid,2022-10-27
INV1221,VYG1221,9567890,Vitol Group,185.45,16.3162,99466,0,3009649.37,USD,2022-10-30,Paid,2022-11-24
INV1222,VYG1222,9567890,Vitol Group,196.41,9.7171,100898,0,1925621.3,USD,2022-12-13,Paid,2023-01-24
INV1223,VYG1223,9567890,Freepoint Commodities,97.53,10.54,109856,0,1129287.86,USD,2023-01-10,Paid,2023-01-28
INV1224,VYG1224,9567890,Castleton Commodities,79.63,10.7953,106216,0,913031.63,USD,2023-02-17,Paid,2023-03-28
INV1225,VYG1225,9567890,Litasco,152.02,14.6167,101442,0,2254053.96,USD,2023-03-25,Paid,2023-04-28
INV1226,VYG1226,9567890,Freepoint Commodities,128.16,12.0764,109525,0,1695142.53,USD,2023-05-01,Paid,2023-05-30
INV1227,VYG1227,9567890,Gunvor Group,103.89,10.9212,106897,0,1212873.29,USD,2023-06-18,Paid,2023-07-10
INV1228,VYG1228,9567890,Equinor Trading,159.19,15.1385,103995,0,2506110.88,USD,2023-07-24,Paid,2023-08-10
INV1229,VYG1229,9567890,Chevron Products,98.16,14.1334,109690,0,1521782.27,USD,2023-08-29,Paid,2023-10-10
INV1230,VYG1230,9567890,Gunvor Group,107.68,13.3257,104412,0,1498199.41,USD,2023-09-23,Paid,2023-10-26
INV1231,VYG1231,9567890,Equinor Trading,87.56,16.3162,106847,1414,1526475.7,USD,2023-10-15,Paid,2023-11-21
INV1232,VYG1232,9567890,Freepoint Commodities,123.17,10.5203,108233,0,1402515.22,USD,2023-11-20,Paid,2023-12-29
INV1233,VYG1233,9567890,Shell Trading,100.82,14.9785,100901,0,1523709.44,USD,2023-12-24,Paid,2024-02-05
INV1234,VYG1234,9567890,BP Oil International,134.9,13.7183,109726,0,2030518.8,USD,2024-01-17,Outstanding,
INV1235,VYG1235,9567890,ExxonMobil Oil,138.73,13.612,110208,0,2081089.3,USD,2024-02-23,Paid,2024-03-31
INV1236,VYG1236,9567890,Gunvor Group,132.61,15.5301,110470,0,2275019.0,USD,2024-03-18,Paid,2024-04-16
INV1237,VYG1237,9567890,Vitol Group,128.57,11.0853,103960,590,1481734.22,USD,2024-04-23,Paid,2024-05-27
INV1238,VYG1238,9567890,Mercuria Energy,170.0,14.4008,109090,0,2670695.44,USD,2024-05-27,Paid,2024-07-10
INV1239,VYG1239,9567890,Litasco,192.34,11.0042,106583,0,2255877.15,USD,2024-06-24,Paid,2024-07-20
INV1240,VYG1240,9567890,Glencore Energy,123.59,12.7787,108969,0,1721014.55,USD,2024-07-28,Paid,2024-09-09
INV1241,VYG1241,9567890,Mercuria Energy,168.29,15.0984,108057,0,2745661.82,USD,2024-09-05,Outstanding,
INV1242,VYG1242,9567890,Chevron Products,107.3,11.5026,102709,0,1267616.99,USD,2024-10-11,Paid,2024-11-02
INV1243,VYG1243,9567890,Chevron Products,198.74,13.1606,101913,0,2665529.24,USD,2024-11-07,Paid,2024-12-11
INV1244,VYG1244,9567890,Equinor Trading,96.5,13.1713,103238,0,1312207.06,USD,2024-12-14,Paid,2025-01-22
INV1245,VYG1245,9567890,ExxonMobil Oil,198.13,15.9103,108189,0,3410458.76,USD,2025-01-23,Paid,2025-03-06
INV1246,VYG1246,9578901,Castleton Commodities,111.71,13.2837,102970,0,1528001.25,USD,2022-01-25,Paid,2022-02-25
INV1247,VYG1247,9578901,BP Oil International,123.08,14.495,112479,0,2006714.24,USD,2022-03-03,Paid,2022-03-28
INV1248,VYG1248,9578901,ExxonMobil Oil,94.53,15.1031,111375,0,1590142.65,USD,2022-04-05,Paid,2022-05-03
INV1249,VYG1249,9578901,Vitol Group,142.02,10.1269,103228,0,1484627.79,USD,2022-04-28,Paid,2022-05-22
INV1250,VYG1250,9578901,Mercuria Energy,105.75,10.3897,108705,298,1194396.9,USD,2022-05-17,Paid,2022-06-01
INV1251,VYG1251,9578901,Litasco,90.2,13.6394,102294,0,1258518.86,USD,2022-07-02,Paid,2022-07-28
INV1252,VYG1252,9578901,Trafigura,174.36,15.3583,106084,0,2840761.78,USD,2022-07-24,Paid,2022-08-25
INV1253,VYG1253,9578901,Castleton Commodities,141.43,10.9002,110255,0,1699763.89,USD,2022-08-31,Paid,2022-09-19
INV1254,VYG1254,9578901,Chevron Products,147.93,15.7189,109811,0,2553352.24,USD,2022-10-13,Paid,2022-11-24
INV1255,VYG1255,9578901,Chevron Products,116.76,11.3465,102854,0,1362587.6,USD,2022-11-13,Paid,2022-12-12
INV1256,VYG1256,9578901,Castleton Commodities,72.4,12.6351,101976,0,932815.42,USD,2022-12-17,Paid,2023-01-19
INV1257,VYG1257,9578901,Chevron Products,175.37,14.2702,110108,0,2755492.69,USD,2023-01-06,Paid,2023-02-08
INV1258,VYG1258,9578901,Gunvor Group,101.92,12.0226,102888,0,1260773.69,USD,2023-02-06,Paid,2023-02-25
INV1259,VYG1259,9578901,Glencore Energy,92.97,14.9465,110620,0,1537093.96,USD,2023-03-14,Outstanding,
INV1260,VYG1260,9578901,Freepoint Commodities,190.84,10.1072,109851,1864,2118912.41,USD,2023-04-11,Outstanding,
INV1261,VYG1261,9578901,Litasco,169.19,15.8212,105430,0,2822181.99,USD,2023-05-16,Outstanding,
INV1262,VYG1262,9578901,TotalEnergies Trading,80.16,15.0987,102188,0,1236800.9,USD,2023-06-23,Paid,2023-07-22
INV1263,VYG1263,9578901,BP Oil International,144.34,10.9215,105782,1465,1667547.77,USD,2023-07-11,Paid,2023-08-16
INV1264,VYG1264,9578901,Equinor Trading,180.37,12.8348,105718,0,2447349.55,USD,2023-08-27,Paid,2023-09-26
INV1265,VYG1265,9578901,Freepoint Commodities,165.31,12.2139,103411,0,2087907.75,USD,2023-10-11,Paid,2023-10-31
INV1266,VYG1266,9578901,Equinor Trading,192.53,14.4049,107713,0,2987341.68,USD,2023-11-11,Paid,2023-12-02
INV1267,VYG1267,9578901,Castleton Commodities,180.72,11.4502,101505,0,2100467.51,USD,2023-12-25,Outstanding,
INV1268,VYG1268,9578901,ExxonMobil Oil,160.08,15.9239,106014,0,2702404.25,USD,2024-01-23,Paid,2024-02-27
INV1269,VYG1269,9578901,BP Oil International,114.17,10.4275,105631,0,1257493.51,USD,2024-03-01,Paid,2024-03-20
INV1270,VYG1270,9578901,Equinor Trading,113.56,12.7787,108981,0,1581418.33,USD,2024-03-19,Paid,2024-04-04
INV1271,VYG1271,9578901,Mercuria Energy,193.89,13.9048,111486,0,3005607.35,USD,2024-04-11,Paid,2024-05-16
INV1272,VYG1272,9578901,Chevron Products,88.41,10.9161,106675,1176,1029551.87,USD,2024-05-20,Paid,2024-06-12
INV1273,VYG1273,9578901,Freepoint Commodities,88.17,12.6465,107936,0,1203560.84,USD,2024-06-19,Paid,2024-07-16
INV1274,VYG1274,9578901,Shell Trading,74.17,13.6863,103580,0,1051393.76,USD,2024-07-06,Paid,2024-08-01
INV1275,VYG1275,9578901,Vitol Group,71.79,11.4898,111093,0,916364.39,USD,2024-07-28,Paid,2024-08-25
INV1276,VYG1276,9578901,Saudi Aramco Trading,119.12,13.1826,104245,0,1636961.67,USD,2024-08-20,Paid,2024-09-21
INV1277,VYG1277,9578901,Vitol Group,114.83,12.5277,111891,0,1609584.85,USD,2024-09-22,Paid,2024-10-10
INV1278,VYG1278,9578901,ExxonMobil Oil,72.89,13.6082,102602,0,1017782.78,USD,2024-10-09,Paid,2024-11-15
INV1279,VYG1279,9578901,Vitol Group,152.21,12.7787,107249,0,2085984.15,USD,2024-11-23,Paid,2025-01-06
INV1280,VYG1280,9578901,Freepoint Commodities,141.11,9.7171,112109,805,1537195.63,USD,2024-12-19,Outstanding,
INV1281,VYG1281,9578901,Freepoint Commodities,128.83,15.0559,112454,0,2181152.63,USD,2025-01-23,Paid,2025-02-16
INV1282,VYG1282,9590000,Glencore Energy,92.49,10.7855,274086,0,2734085.94,USD,2022-01-25,Outstanding,
INV1283,VYG1283,9590000,TotalEnergies Trading,95.41,12.6693,267997,0,3239377.55,USD,2022-02-19,Paid,2022-03-27
INV1284,VYG1284,9590000,BP Oil International,142.11,11.553,274418,0,4505502.86,USD,2022-03-17,Paid,2022-04-05
INV1285,VYG1285,9590000,Glencore Energy,72.95,12.7124,290036,0,2689666.46,USD,2022-04-19,Paid,2022-05-31
INV1286,VYG1286,9590000,TotalEnergies Trading,63.65,11.8084,276002,0,2074390.12,USD,2022-05-20,Paid,2022-06-20
INV1287,VYG1287,9590000,Saudi Aramco Trading,113.0,11.0879,272542,0,3414882.27,USD,2022-06-15,Paid,2022-07-15
INV1288,VYG1288,9590000,Equinor Trading,79.89,10.6588,273835,0,2331669.49,USD,2022-07-13,Paid,2022-07-31
INV1289,VYG1289,9590000,Equinor Trading,102.2,11.283,269911,0,3112250.22,USD,2022-08-21,Paid,2022-09-27
INV1290,VYG1290,9590000,Litasco,94.46,10.7436,263806,0,2677217.71,USD,2022-09-14,Paid,2022-10-09
INV1291,VYG1291,9590000,Shell Trading,125.69,15.6214,279493,0,5487924.28,USD,2022-10-18,Paid,2022-11-14
INV1292,VYG1292,9590000,Equinor Trading,144.28,12.0492,263030,0,4572704.03,USD,2022-11-28,Paid,2023-01-06
INV1293,VYG1293,9590000,Chevron Products,62.79,15.8526,276119,0,2748498.05,USD,2023-01-05,Paid,2023-02-07
INV1294,VYG1294,9590000,Chevron Products,48.96,10.6495,273357,0,1425165.8,USD,2023-02-11,Paid,2023-03-22
INV1295,VYG1295,9590000,Mercuria Energy,72.94,11.1577,285332,0,2321999.3,USD,2023-03-10,Paid,2023-04-23
INV1296,VYG1296,9590000,Saudi Aramco Trading,77.79,10.5384,287738,0,2358894.38,USD,2023-04-05,Paid,2023-04-28
INV1297,VYG1297,9590000,Freepoint Commodities,144.08,15.5712,273399,0,6133727.11,USD,2023-05-14,Paid,2023-06-25
INV1298,VYG1298,9590000,Mercuria Energy,122.39,14.5885,291507,0,5205000.21,USD,2023-06-09,Paid,2023-06-29
INV1299,VYG1299,9590000,Freepoint Commodities,121.69,14.8384,274685,0,4959843.43,USD,2023-07-13,Paid,2023-08-11
INV1300,VYG1300,9590000,Gunvor Group,144.43,14.6205,271293,0,5728623.4,USD,2023-08-06,Paid,2023-08-25
INV1301,VYG1301,9590000,Gunvor Group,122.02,14.7953,276057,0,4983678.49,USD,2023-08-31,Paid,2023-09-25
INV1302,VYG1302,9590000,BP Oil International,72.59,12.4851,280677,0,2543833.6,USD,2023-10-05,Paid,2023-11-02
INV1303,VYG1303,9590000,Litasco,84.27,15.125,268626,0,3424004.75,USD,2023-11-02,Paid,2023-12-12
INV1304,VYG1304,9590000,Chevron Products,87.6,11.9668,290470,0,3044883.7,USD,2023-12-05,Paid,2024-01-03
INV1305,VYG1305,9590000,Mercuria Energy,95.27,10.9108,264645,0,2750853.37,USD,2024-01-04,Paid,2024-02-04
INV1306,VYG1306,9590000,Freepoint Commodities,127.39,11.5403,275086,0,4044141.0,USD,2024-02-17,Outstanding,
INV1307,VYG1307,9590000,Gunvor Group,141.76,15.7308,290809,0,6485014.79,USD,2024-03-14,Paid,2024-04-02
INV1308,VYG1308,9590000,TotalEnergies Trading,126.82,13.505,263584,0,4514502.28,USD,2024-04-13,Outstanding,
INV1309,VYG1309,9590000,Gunvor Group,101.39,14.3262,264022,0,3834877.17,USD,2024-05-23,Paid,2024-06-12
INV1310,VYG1310,9590000,Chevron Products,51.75,17.7684,279149,0,2566953.35,USD,2024-07-06,Paid,2024-08-01
INV1311,VYG1311,9590000,Chevron Products,138.71,15.3684,291108,0,6205468.21,USD,2024-08-01,Paid,2024-08-19
INV1312,VYG1312,9590000,Litasco,116.81,12.6559,265049,0,3918198.77,USD,2024-09-05,Paid,2024-10-11
INV1313,VYG1313,9590000,TotalEnergies Trading,90.54,15.2352,291321,0,4018252.32,USD,2024-10-17,Paid,2024-11-28
INV1314,VYG1314,9590000,BP Oil International,56.4,15.5778,278501,0,2446958.32,USD,2024-11-16,Outstanding,
INV1315,VYG1315,9590000,BP Oil International,80.52,12.7147,283244,0,2899690.94,USD,2024-12-31,Paid,2025-01-27
INV1316,VYG1316,9590000,Equinor Trading,70.33,14.2316,273906,0,2741584.51,USD,2025-02-06,Paid,2025-02-23
INV1317,VYG1317,9591111,Litasco,78.9,13.9328,278306,0,3059463.97,USD,2022-01-21,Outstanding,
INV1318,VYG1318,9591111,Castleton Commodities,132.63,10.8188,271075,0,3889560.54,USD,2022-02-15,Paid,2022-03-28
INV1319,VYG1319,9591111,ExxonMobil Oil,74.69,10.3638,293058,0,2268381.45,USD,2022-03-19,Paid,2022-04-22
INV1320,VYG1320,9591111,Equinor Trading,64.7,11.5714,266786,0,1997216.98,USD,2022-04-19,Paid,2022-05-11
INV1321,VYG1321,9591111,Vitol Group,98.39,14.6312,281050,0,4045906.97,USD,2022-05-16,Paid,2022-06-07
INV1322,VYG1322,9591111,BP Oil International,97.2,12.6693,290890,1479,3582121.73,USD,2022-06-23,Paid,2022-07-20
INV1323,VYG1323,9591111,Saudi Aramco Trading,114.83,15.9203,271680,0,4966729.0,USD,2022-07-22,Paid,2022-08-19
INV1324,VYG1324,9591111,Chevron Products,57.66,14.5091,281148,0,2351924.4,USD,2022-08-24,Paid,2022-09-23
INV1325,VYG1325,9591111,Vitol Group,107.89,13.6746,285132,0,4206900.65,USD,2022-09-22,Paid,2022-10-29
INV1326,VYG1326,9591111,BP Oil International,48.64,13.3371,293073,0,1901337.02,USD,2022-10-31,Paid,2022-11-21
INV1327,VYG1327,9591111,TotalEnergies Trading,87.02,11.1286,280518,0,2716642.9,USD,2022-11-27,Paid,2022-12-22
INV1328,VYG1328,9591111,Saudi Aramco Trading,54.36,15.3282,279266,0,2326881.5,USD,2022-12-25,Paid,2023-01-31
INV1329,VYG1329,9591111,BP Oil International,142.21,14.2491,271741,0,5506350.38,USD,2023-01-19,Paid,2023-02-21
INV1330,VYG1330,9591111,Shell Trading,48.95,10.6588,291872,0,1522905.97,USD,2023-02-21,Paid,2023-03-09
INV1331,VYG1331,9591111,Chevron Products,139.89,9.3947,284390,0,3737447.13,USD,2023-03-12,Paid,2023-04-10
INV1332,VYG1332,9591111,Trafigura,77.46,13.1303,283875,0,2887375.61,USD,2023-04-19,Paid,2023-05-16
INV1333,VYG1333,9591111,TotalEnergies Trading,144.5,10.4725,293793,0,4445911.58,USD,2023-05-21,Paid,2023-06-16
INV1334,VYG1334,9591111,BP Oil International,73.75,11.0472,287050,0,2338604.6,USD,2023-06-21,Paid,2023-07-28
INV1335,VYG1335,9591111,Chevron Products,48.26,10.4019,268827,0,1349474.69,USD,2023-07-16,Paid,2023-08-12
INV1336,VYG1336,9591111,Freepoint Commodities,143.6,15.9676,273084,0,6261806.34,USD,2023-08-07,Paid,2023-08-27
INV1337,VYG1337,9591111,Gunvor Group,103.04,12.2604,270829,0,3421544.64,USD,2023-09-16,Paid,2023-10-25
INV1338,VYG1338,9591111,Saudi Aramco Trading,113.98,16.6567,286195,865,5433311.52,USD,2023-10-12,Paid,2023-11-05
INV1339,VYG1339,9591111,Gunvor Group,51.91,14.3673,269317,0,2008729.42,USD,2023-11-07,Paid,2023-11-22
INV1340,VYG1340,9591111,Trafigura,131.25,12.7124,286101,1798,4773789.29,USD,2023-12-01,Paid,2023-12-17
INV1341,VYG1341,9591111,Glencore Energy,130.36,11.4082,287394,0,4274152.6,USD,2023-12-30,Paid,2024-01-30
INV1342,VYG1342,9591111,Equinor Trading,93.89,13.004,275740,0,3366620.15,USD,2024-02-02,Paid,2024-03-17
INV1343,VYG1343,9591111,Freepoint Commodities,50.17,12.8659,272131,0,1756730.34,USD,2024-02-22,Paid,2024-04-03
INV1344,VYG1344,9591111,Equinor Trading,71.33,12.5114,278088,0,2481833.24,USD,2024-03-17,Paid,2024-04-11
INV1345,VYG1345,9591111,Chevron Products,77.69,11.8329,287850,0,2646190.03,USD,2024-04-22,Paid,2024-05-14
INV1346,VYG1346,9591111,Trafigura,132.21,15.7308,294944,0,6134184.63,USD,2024-05-26,Paid,2024-06-14
INV1347,VYG1347,9591111,Gunvor Group,68.75,10.9036,288702,0,2164288.15,USD,2024-07-04,Paid,2024-07-19
INV1348,VYG1348,9591111,Chevron Products,143.72,10.2693,279758,0,4128912.41,USD,2024-08-07,Paid,2024-09-13
INV1349,VYG1349,9591111,Chevron Products,120.61,12.1552,290062,0,4252343.17,USD,2024-09-10,Paid,2024-09-25
INV1350,VYG1350,9591111,Castleton Commodities,70.76,10.6588,294824,0,2223659.85,USD,2024-10-03,Paid,2024-10-21
INV1351,VYG1351,9591111,Chevron Products,124.23,14.5184,276970,0,4995384.99,USD,2024-11-13,Paid,2024-12-24
INV1352,VYG1352,9591111,Equinor Trading,100.59,9.7171,281645,0,2752851.95,USD,2024-12-20,Outstanding,
INV1353,VYG1353,9591111,Saudi Aramco Trading,142.46,12.5015,266624,0,4748435.26,USD,2025-01-08,Paid,2025-02-02
INV1354,VYG1354,9592222,Equinor Trading,79.85,9.7171,139374,0,1081465.37,USD,2022-01-21,Paid,2022-02-27
INV1355,VYG1355,9592222,Gunvor Group,75.79,14.5919,150555,0,1664976.72,USD,2022-02-27,Paid,2022-04-10
INV1356,VYG1356,9592222,Glencore Energy,62.21,14.1511,140681,0,1238373.72,USD,2022-04-11,Paid,2022-04-27
INV1357,VYG1357,9592222,Glencore Energy,130.43,13.5171,143103,0,2522886.88,USD,2022-05-11,Paid,2022-05-31
INV1358,VYG1358,9592222,Saudi Aramco Trading,116.69,13.9861,149344,0,2437341.03,USD,2022-06-16,Paid,2022-07-12
INV1359,VYG1359,9592222,Gunvor Group,71.84,13.7686,151808,0,1501601.44,USD,2022-07-10,Paid,2022-08-19
INV1360,VYG1360,9592222,Castleton Commodities,60.15,12.4257,137780,0,1029819.88,USD,2022-08-10,Paid,2022-09-04
INV1361,VYG1361,9592222,TotalEnergies Trading,130.62,13.8493,139326,0,2520449.88,USD,2022-09-13,Paid,2022-10-26
INV1362,VYG1362,9592222,Saudi Aramco Trading,118.65,15.8526,146354,0,2752799.93,USD,2022-10-11,Paid,2022-11-24
INV1363,VYG1363,9592222,Freepoint Commodities,126.3,10.5424,142651,0,1899420.32,USD,2022-11-25,Paid,2022-12-10
INV1364,VYG1364,9592222,ExxonMobil Oil,141.88,15.125,137915,0,2959592.43,USD,2023-01-03,Paid,2023-02-08
INV1365,VYG1365,9592222,Gunvor Group,145.73,17.3043,143589,0,3620991.1,USD,2023-01-25,Paid,2023-02-18
INV1366,VYG1366,9592222,Glencore Energy,70.02,11.1582,140523,0,1097831.19,USD,2023-02-15,Paid,2023-03-13
INV1367,VYG1367,9592222,TotalEnergies Trading,79.66,10.6345,151028,0,1279396.51,USD,2023-03-16,Paid,2023-04-25
INV1368,VYG1368,9592222,Saudi Aramco Trading,136.11,14.8162,136944,0,2761726.53,USD,2023-04-15,Paid,2023-05-27
INV1369,VYG1369,9592222,ExxonMobil Oil,97.22,10.3057,139669,0,1399431.79,USD,2023-05-19,Outstanding,
INV1370,VYG1370,9592222,Chevron Products,109.82,13.3135,137183,0,2005828.4,USD,2023-06-16,Paid,2023-07-07
INV1371,VYG1371,9592222,Freepoint Commodities,58.56,14.0981,148179,0,1223283.16,USD,2023-07-20,Paid,2023-09-01
INV1372,VYG1372,9592222,Shell Trading,60.6,15.6421,143238,0,1357750.46,USD,2023-08-09,Paid,2023-09-21
INV1373,VYG1373,9592222,Equinor Trading,103.57,12.5186,149117,0,1933433.47,USD,2023-09-10,Paid,2023-09-28
INV1374,VYG1374,9592222,Vitol Group,142.85,10.875,144194,0,2240000.82,USD,2023-10-05,Paid,2023-10-26
INV1375,VYG1375,9592222,Castleton Commodities,72.14,13.3799,148596,0,1434221.36,USD,2023-11-15,Paid,2023-12-11
INV1376,VYG1376,9592222,Equinor Trading,70.85,15.4806,144507,0,1585049.43,USD,2023-12-19,Paid,2024-01-30
INV1377,VYG1377,9592222,TotalEnergies Trading,120.12,13.8353,147588,0,2452661.21,USD,2024-01-29,Paid,2024-03-04
INV1378,VYG1378,9592222,Freepoint Commodities,116.49,14.6888,143745,0,2459583.55,USD,2024-02-25,Paid,2024-03-22
INV1379,VYG1379,9592222,Freepoint Commodities,108.25,12.6219,149970,0,2049170.85,USD,2024-03-21,Paid,2024-04-15
INV1380,VYG1380,9592222,Trafigura,94.4,12.0226,150094,0,1703540.21,USD,2024-04-23,Paid,2024-05-13
INV1381,VYG1381,9592222,Equinor Trading,112.05,12.9957,145798,0,2123013.01,USD,2024-05-26,Outstanding,
INV1382,VYG1382,9592222,BP Oil International,127.74,10.1502,147434,0,1911632.36,USD,2024-07-14,Paid,2024-08-24
INV1383,VYG1383,9592222,Castleton Commodities,119.86,14.0699,141798,0,2391207.22,USD,2024-08-08,Paid,2024-09-12
INV1384,VYG1384,9592222,Saudi Aramco Trading,96.59,12.7787,137188,0,1693244.47,USD,2024-09-22,Paid,2024-10-09
INV1385,VYG1385,9592222,Gunvor Group,56.66,13.3455,147964,0,1118825.76,USD,2024-10-23,Paid,2024-11-18
INV1386,VYG1386,9592222,Freepoint Commodities,120.09,14.1803,140208,0,2387650.96,USD,2024-11-21,Paid,2024-12-10
INV1387,VYG1387,9592222,Shell Trading,57.73,15.0172,147405,0,1277957.59,USD,2024-12-16,Paid,2025-01-10
INV1388,VYG1388,9592222,Glencore Energy,101.75,12.0062,143367,0,1751442.62,USD,2025-01-19,Paid,2025-02-05
INV1389,VYG1389,9593333,Castleton Commodities,135.6,15.3588,152826,0,3182935.41,USD,2022-01-25,Paid,2022-03-05
INV1390,VYG1390,9593333,Freepoint Commodities,150.9,10.5324,154275,0,2451928.95,USD,2022-02-19,Paid,2022-03-23
INV1391,VYG1391,9593333,BP Oil International,98.18,14.0044,143287,0,1970051.26,USD,2022-03-29,Paid,2022-04-27
INV1392,VYG1392,9593333,Shell Trading,70.14,13.6852,141097,0,1354293.5,USD,2022-04-15,Paid,2022-05-01
INV1393,VYG1393,9593333,BP Oil International,148.1,14.9156,152233,0,3362767.34,USD,2022-05-20,Paid,2022-06-06
INV1394,VYG1394,9593333,ExxonMobil Oil,106.9,11.1849,151252,0,1808421.13,USD,2022-06-18,Paid,2022-07-30
INV1395,VYG1395,9593333,Trafigura,147.14,15.7576,142618,0,3306587.61,USD,2022-07-21,Paid,2022-09-01
INV1396,VYG1396,9593333,Vitol Group,99.36,13.3622,153308,0,2035468.8,USD,2022-08-19,Paid,2022-09-23
INV1397,VYG1397,9593333,Saudi Aramco Trading,63.65,12.9794,141156,0,1166234.03,USD,2022-09-21,Paid,2022-10-26
INV1398,VYG1398,9593333,Mercuria Energy,100.0,12.7864,154385,0,1974074.41,USD,2022-10-30,Paid,2022-11-25
INV1399,VYG1399,9593333,Gunvor Group,130.25,14.5599,148733,0,2820514.84,USD,2022-11-26,Paid,2022-12-18
INV1400,VYG1400,9593333,Glencore Energy,147.57,15.8526,150947,0,3531197.59,USD,2022-12-22,Paid,2023-01-11
INV1401,VYG1401,9593333,Glencore Energy,159.28,12.521,147024,0,2932075.22,USD,2023-02-01,Paid,2023-02-18
INV1402,VYG1402,9593333,TotalEnergies Trading,152.33,12.3666,151732,0,2858316.83,USD,2023-03-09,Paid,2023-04-15
INV1403,VYG1403,9593333,Freepoint Commodities,143.27,12.3793,152010,0,2696084.32,USD,2023-04-15,Paid,2023-05-05
INV1404,VYG1404,9593333,Litasco,139.61,15.371,147739,0,3170412.72,USD,2023-05-10,Paid,2023-06-05
INV1405,VYG1405,9593333,BP Oil International,119.5,12.6837,141062,0,2138064.77,USD,2023-06-16,Paid,2023-07-10
INV1406,VYG1406,9593333,Shell Trading,107.6,12.8329,147366,0,2034915.2,USD,2023-07-21,Paid,2023-08-06
INV1407,VYG1407,9593333,Saudi Aramco Trading,139.06,15.1219,143368,0,3014829.77,USD,2023-08-24,Paid,2023-09-27
INV1408,VYG1408,9593333,Trafigura,132.61,11.4327,151582,0,2298176.09,USD,2023-09-24,Paid,2023-10-23
INV1409,VYG1409,9593333,Trafigura,154.61,12.2878,154883,0,2942463.66,USD,2023-10-27,Paid,2023-11-25
INV1410,VYG1410,9593333,Freepoint Commodities,72.42,14.9179,146474,0,1582354.55,USD,2023-11-21,Paid,2024-01-03
INV1411,VYG1411,9593333,Mercuria Energy,127.32,13.1964,147873,0,2484499.5,USD,2023-12-16,Paid,2024-01-16
INV1412,VYG1412,9593333,Gunvor Group,104.18,15.3549,144481,0,2311281.91,USD,2024-01-15,Paid,2024-02-15
INV1413,VYG1413,9593333,Gunvor Group,157.06,11.4835,155717,0,2808508.52,USD,2024-02-10,Paid,2024-02-25
INV1414,VYG1414,9593333,Litasco,78.77,13.0191,154753,960,1587046.04,USD,2024-03-10,Outstanding,
INV1415,VYG1415,9593333,Saudi Aramco Trading,108.79,14.8447,144740,0,2337490.77,USD,2024-04-06,Paid,2024-05-03
INV1416,VYG1416,9593333,Gunvor Group,132.79,14.7083,152615,0,2980638.48,USD,2024-05-02,Paid,2024-06-01
INV1417,VYG1417,9593333,TotalEnergies Trading,55.28,11.7926,148836,0,970325.42,USD,2024-06-05,Paid,2024-07-06
INV1418,VYG1418,9593333,Litasco,103.3,11.0891,145223,0,1663604.5,USD,2024-07-01,Paid,2024-07-18
INV1419,VYG1419,9593333,ExxonMobil Oil,64.78,15.0665,153443,0,1497529.57,USD,2024-07-25,Paid,2024-09-03
INV1420,VYG1420,9593333,Gunvor Group,137.19,11.2376,140256,0,2162313.88,USD,2024-08-12,Paid,2024-09-25
INV1421,VYG1421,9593333,Shell Trading,78.66,14.3441,144292,0,1627975.37,USD,2024-09-04,Paid,2024-10-06
INV1422,VYG1422,9593333,Shell Trading,138.74,15.2181,153415,0,3239126.74,USD,2024-10-15,Paid,2024-11-16
INV1423,VYG1423,9593333,Gunvor Group,123.54,9.7171,146961,0,1764228.35,USD,2024-11-10,Paid,2024-11-25
INV1424,VYG1424,9593333,ExxonMobil Oil,154.2,12.6716,142759,0,2789535.38,USD,2024-12-08,Paid,2025-01-16
INV1425,VYG1425,9593333,Glencore Energy,71.99,13.7686,143144,594,1418784.9,USD,2025-01-19,Paid,2025-02-25
INV1426,VYG1426,9594444,Mercuria Energy,116.11,9.7171,104093,0,1174472.79,USD,2022-01-24,Paid,2022-02-23
INV1427,VYG1427,9594444,Shell Trading,85.2,10.6199,101073,0,914561.06,USD,2022-02-20,Paid,2022-03-26
INV1428,VYG1428,9594444,Castleton Commodities,159.95,14.1211,103478,0,2337153.9,USD,2022-03-23,Outstanding,
INV1429,VYG1429,9594444,Litasco,178.66,10.4508,107637,0,2009765.01,USD,2022-04-25,Paid,2022-06-03
INV1430,VYG1430,9594444,Litasco,145.36,13.7606,101310,0,2026393.44,USD,2022-06-03,Paid,2022-07-10
INV1431,VYG1431,9594444,Freepoint Commodities,199.77,12.0226,103196,0,2478507.33,USD,2022-06-26,Paid,2022-07-29
INV1432,VYG1432,9594444,BP Oil International,101.82,11.9727,108971,0,1328412.83,USD,2022-07-20,Paid,2022-08-31
INV1433,VYG1433,9594444,Saudi Aramco Trading,75.85,15.2394,98694,999,1140745.38,USD,2022-08-27,Paid,2022-09-11
INV1434,VYG1434,9594444,Litasco,142.63,11.6952,104723,0,1746842.38,USD,2022-09-30,Paid,2022-11-01
INV1435,VYG1435,9594444,BP Oil International,107.42,14.0749,105445,0,1594175.31,USD,2022-11-03,Outstanding,
INV1436,VYG1436,9594444,Shell Trading,166.08,12.7913,99400,0,2111624.88,USD,2022-12-01,Paid,2022-12-31
INV1437,VYG1437,9594444,Equinor Trading,98.85,12.7073,104270,0,1309805.27,USD,2023-01-15,Paid,2023-02-21
INV1438,VYG1438,9594444,BP Oil International,153.61,13.899,100517,0,2146082.87,USD,2023-02-10,Paid,2023-03-15
INV1439,VYG1439,9594444,Saudi Aramco Trading,172.3,12.598,106782,0,2317877.5,USD,2023-03-07,Paid,2023-04-13
INV1440,VYG1440,9594444,TotalEnergies Trading,146.42,11.3953,101267,0,1689606.06,USD,2023-04-14,Paid,2023-05-20
INV1441,VYG1441,9594444,ExxonMobil Oil,119.43,12.5879,106320,0,1598395.67,USD,2023-05-27,Paid,2023-06-27
INV1442,VYG1442,9594444,Glencore Energy,192.14,13.9652,102365,0,2746746.61,USD,2023-07-02,Paid,2023-07-17
INV1443,VYG1443,9594444,Freepoint Commodities,123.88,13.1517,101753,0,1657733.3,USD,2023-07-26,Paid,2023-08-22
INV1444,VYG1444,9594444,TotalEnergies Trading,86.1,9.7171,103559,0,866430.62,USD,2023-08-29,Paid,2023-09-19
INV1445,VYG1445,9594444,Gunvor Group,150.79,12.7464,108473,0,2084879.42,USD,2023-10-03,Paid,2023-11-14
INV1446,VYG1446,9594444,Vitol Group,98.18,14.6167,99090,0,1422057.22,USD,2023-10-27,Paid,2023-11-27
INV1447,VYG1447,9594444,Chevron Products,91.04,10.5614,103200,0,992310.9,USD,2023-11-19,Paid,2023-12-18
INV1448,VYG1448,9594444,Chevron Products,98.84,10.1454,102745,0,1030264.02,USD,2023-12-21,Outstanding,
INV1449,VYG1449,9594444,Freepoint Commodities,86.49,10.8793,101340,0,953575.78,USD,2024-01-17,Paid,2024-03-01
INV1450,VYG1450,9594444,Shell Trading,198.27,12.7787,104500,0,2647649.6,USD,2024-02-17,Paid,2024-04-01
INV1451,VYG1451,9594444,Glencore Energy,124.61,12.3037,102422,0,1570309.56,USD,2024-03-08,Paid,2024-04-19
INV1452,VYG1452,9594444,Equinor Trading,119.29,13.8926,98809,0,1637464.88,USD,2024-03-30,Paid,2024-05-13
INV1453,VYG1453,9594444,Equinor Trading,143.82,14.2264,107380,0,2196966.72,USD,2024-05-12,Paid,2024-05-31
INV1454,VYG1454,9594444,BP Oil International,129.31,10.9299,103543,639,1463446.01,USD,2024-06-22,Paid,2024-07-15
INV1455,VYG1455,9594444,Equinor Trading,199.92,10.0449,109621,0,2201390.38,USD,2024-07-18,Paid,2024-08-20
INV1456,VYG1456,9594444,Gunvor Group,146.67,17.3043,103933,0,2637885.62,USD,2024-08-01,Paid,2024-08-26
INV1457,VYG1457,9594444,Glencore Energy,147.26,11.2458,99139,0,1641782.0,USD,2024-09-05,Paid,2024-10-17
INV1458,VYG1458,9594444,Gunvor Group,131.33,11.9295,103304,0,1618501.36,USD,2024-10-16,Paid,2024-11-19
INV1459,VYG1459,9594444,Equinor Trading,198.26,11.3349,101458,0,2280036.73,USD,2024-11-13,Paid,2024-12-17
INV1460,VYG1460,9594444,Trafigura,124.38,12.0226,108141,0,1617055.28,USD,2024-12-13,Paid,2025-01-16
INV1461,VYG1461,9594444,Freepoint Commodities,89.97,14.6601,100648,0,1327447.06,USD,2025-01-20,Paid,2025-02-27
INV1462,VYG1462,9595555,Vitol Group,113.73,10.9422,108072,0,1344897.73,USD,2022-01-28,Paid,2022-03-04
INV1463,VYG1463,9595555,Equinor Trading,173.64,15.8188,104369,0,2866843.7,USD,2022-03-05,Paid,2022-03-23
INV1464,VYG1464,9595555,Mercuria Energy,140.58,11.9227,110039,0,1844392.47,USD,2022-03-30,Paid,2022-05-13
INV1465,VYG1465,9595555,Chevron Products,130.99,13.9049,104226,0,1898333.28,USD,2022-04-21,Paid,2022-06-03
INV1466,VYG1466,9595555,Equinor Trading,176.54,12.7787,108837,0,2455284.73,USD,2022-05-25,Paid,2022-06-27
INV1467,VYG1467,9595555,Freepoint Commodities,149.77,11.6693,107234,0,1874124.76,USD,2022-07-01,Paid,2022-07-21
INV1468,VYG1468,9595555,Litasco,101.37,10.3642,102176,0,1073465.28,USD,2022-07-31,Paid,2022-08-21
INV1469,VYG1469,9595555,Mercuria Energy,172.81,14.9313,107309,0,2768907.09,USD,2022-09-04,Paid,2022-10-15
INV1470,VYG1470,9595555,Gunvor Group,131.48,13.9307,101554,0,1860003.39,USD,2022-10-04,Paid,2022-11-10
INV1471,VYG1471,9595555,Saudi Aramco Trading,177.8,13.5646,103504,0,2496272.85,USD,2022-10-27,Paid,2022-11-13
INV1472,VYG1472,9595555,TotalEnergies Trading,170.67,13.5399,104058,1564,2404692.08,USD,2022-11-27,Paid,2023-01-03
INV1473,VYG1473,9595555,Saudi Aramco Trading,108.08,15.3358,108945,0,1805785.21,USD,2022-12-18,Paid,2023-01-24
INV1474,VYG1474,9595555,Saudi Aramco Trading,162.16,15.6889,103906,0,2643528.14,USD,2023-01-10,Paid,2023-01-27
INV1475,VYG1475,9595555,Litasco,121.12,12.7787,110528,0,1710734.97,USD,2023-02-17,Paid,2023-03-18
INV1476,VYG1476,9595555,TotalEnergies Trading,88.37,11.6016,110913,0,1137086.48,USD,2023-03-25,Paid,2023-05-04
INV1477,VYG1477,9595555,Castleton Commodities,172.69,9.7171,101383,0,1701227.89,USD,2023-04-29,Paid,2023-05-21
INV1478,VYG1478,9595555,Chevron Products,161.79,13.7067,107187,0,2377030.48,USD,2023-06-05,Paid,2023-06-20
INV1479,VYG1479,9595555,Litasco,119.36,15.5457,105041,0,1949127.4,USD,2023-06-29,Paid,2023-08-05
INV1480,VYG1480,9595555,Gunvor Group,196.8,12.7659,105166,0,2642147.32,USD,2023-07-25,Paid,2023-08-28
INV1481,VYG1481,9595555,Glencore Energy,185.25,10.5853,105176,0,2062446.36,USD,2023-08-24,Paid,2023-09-27
INV1482,VYG1482,9595555,ExxonMobil Oil,134.42,13.7041,106050,0,1953543.09,USD,2023-09-11,Paid,2023-09-30
INV1483,VYG1483,9595555,Chevron Products,147.71,9.7171,105032,0,1507548.02,USD,2023-10-06,Paid,2023-10-28
INV1484,VYG1484,9595555,TotalEnergies Trading,127.98,12.4582,111350,0,1775423.01,USD,2023-11-17,Paid,2023-12-07
INV1485,VYG1485,9595555,Vitol Group,72.11,15.7841,102257,0,1163934.39,USD,2023-12-08,Paid,2024-01-16
INV1486,VYG1486,9595555,TotalEnergies Trading,187.88,12.0249,101633,0,2296199.28,USD,2024-01-05,Paid,2024-02-07
INV1487,VYG1487,9595555,Freepoint Commodities,98.85,10.6834,107135,0,1131451.57,USD,2024-02-11,Paid,2024-03-16
INV1488,VYG1488,9595555,Saudi Aramco Trading,111.12,11.2316,107877,0,1346308.91,USD,2024-03-14,Paid,2024-04-11
INV1489,VYG1489,9595555,Gunvor Group,183.73,15.4963,102440,0,2916567.24,USD,2024-04-18,Outstanding,
INV1490,VYG1490,9595555,Saudi Aramco Trading,76.17,10.5014,102101,0,816711.87,USD,2024-05-17,Paid,2024-06-05
INV1491,VYG1491,9595555,Vitol Group,193.92,11.1725,110266,0,2388951.91,USD,2024-06-22,Outstanding,
INV1492,VYG1492,9595555,Vitol Group,153.32,14.0561,110917,0,2390399.61,USD,2024-08-06,Paid,2024-08-30
INV1493,VYG1493,9595555,Litasco,191.9,11.8108,105477,0,2390641.48,USD,2024-09-07,Paid,2024-09-29
INV1494,VYG1494,9595555,Saudi Aramco Trading,128.67,13.7947,108360,0,1923330.84,USD,2024-10-03,Paid,2024-10-22
INV1495,VYG1495,9595555,Castleton Commodities,105.47,14.6167,104184,0,1606106.77,USD,2024-10-29,Paid,2024-11-22
INV1496,VYG1496,9595555,Shell Trading,94.75,11.158,110309,0,1166269.91,USD,2024-11-29,Paid,2024-12-30
INV1497,VYG1497,9595555,ExxonMobil Oil,192.71,12.5608,106443,1821,2576586.91,USD,2024-12-24,Paid,2025-01-16
INV1498,VYG1498,9595555,Freepoint Commodities,168.93,15.0583,104719,0,2663893.45,USD,2025-01-28,Paid,2025-02-13
INV1499,VYG1499,9596666,TotalEnergies Trading,75.33,15.7308,275644,688,3266553.43,USD,2022-01-26,Outstanding,
INV1500,VYG1500,9596666,Vitol Group,108.95,14.4105,281625,0,4421552.12,USD,2022-03-12,Paid,2022-04-04
INV1501,VYG1501,9596666,ExxonMobil Oil,45.08,13.5912,287810,0,1763479.34,USD,2022-04-08,Paid,2022-05-04
INV1502,VYG1502,9596666,Gunvor Group,78.17,15.8526,277751,0,3442097.44,USD,2022-05-18,Paid,2022-06-15
INV1503,VYG1503,9596666,Shell Trading,143.22,15.7862,286545,0,6478634.36,USD,2022-06-16,Paid,2022-07-03
INV1504,VYG1504,9596666,Equinor Trading,114.06,10.5771,282373,1644,3406771.12,USD,2022-07-25,Paid,2022-08-27
INV1505,VYG1505,9596666,ExxonMobil Oil,143.66,14.0319,265092,0,5343754.41,USD,2022-08-30,Outstanding,
INV1506,VYG1506,9596666,Saudi Aramco Trading,49.02,15.202,276606,266,2061200.62,USD,2022-09-29,Paid,2022-10-29
INV1507,VYG1507,9596666,Castleton Commodities,138.7,11.544,270130,1084,4325234.89,USD,2022-10-25,Paid,2022-12-08
INV1508,VYG1508,9596666,TotalEnergies Trading,117.7,15.1844,272769,0,4874998.36,USD,2022-11-22,Paid,2022-12-15
INV1509,VYG1509,9596666,Chevron Products,47.69,15.8526,273228,0,2065438.52,USD,2022-12-29,Paid,2023-02-04
INV1510,VYG1510,9596666,Equinor Trading,100.5,10.5646,264145,0,2804566.69,USD,2023-01-22,Paid,2023-02-22
INV1511,VYG1511,9596666,Freepoint Commodities,137.27,15.5001,278149,0,5918334.3,USD,2023-03-11,Paid,2023-04-20
INV1512,VYG1512,9596666,Glencore Energy,45.36,10.3754,276934,0,1303379.37,USD,2023-04-02,Paid,2023-05-05
INV1513,VYG1513,9596666,ExxonMobil Oil,115.13,14.7439,266362,0,4521285.43,USD,2023-05-09,Paid,2023-06-18
INV1514,VYG1514,9596666,Litasco,80.48,10.078,269236,0,2183709.02,USD,2023-06-14,Paid,2023-07-24
INV1515,VYG1515,9596666,TotalEnergies Trading,126.19,15.7308,264977,0,5259862.69,USD,2023-07-12,Paid,2023-08-19
INV1516,VYG1516,9596666,Saudi Aramco Trading,112.72,11.169,293580,0,3696013.01,USD,2023-08-16,Paid,2023-09-05
INV1517,VYG1517,9596666,TotalEnergies Trading,56.21,15.125,278939,0,2371570.27,USD,2023-09-03,Paid,2023-09-18
INV1518,VYG1518,9596666,Shell Trading,140.41,11.7092,276851,0,4551698.44,USD,2023-09-27,Paid,2023-10-31
INV1519,VYG1519,9596666,Glencore Energy,101.3,15.515,281032,0,4416734.04,USD,2023-11-09,Paid,2023-12-20
INV1520,VYG1520,9596666,Trafigura,79.55,14.8114,272641,0,3212542.32,USD,2023-12-06,Paid,2023-12-24
INV1521,VYG1521,9596666,ExxonMobil Oil,100.3,11.6255,289065,696,3370656.92,USD,2023-12-30,Paid,2024-02-07
INV1522,VYG1522,9596666,Mercuria Energy,55.14,11.8525,271041,1217,1771491.16,USD,2024-01-28,Paid,2024-02-16
INV1523,VYG1523,9596666,Litasco,52.18,12.8625,278666,0,1870226.84,USD,2024-03-02,Paid,2024-03-31
INV1524,VYG1524,9596666,Chevron Products,121.34,15.7093,265552,0,5061895.18,USD,2024-04-01,Paid,2024-04-25
INV1525,VYG1525,9596666,TotalEnergies Trading,109.17,14.2596,284556,0,4429568.05,USD,2024-05-10,Paid,2024-05-30
INV1526,VYG1526,9596666,Mercuria Energy,98.34,11.943,277866,0,3263317.84,USD,2024-06-01,Paid,2024-06-30
INV1527,VYG1527,9596666,Glencore Energy,72.56,10.5654,274951,0,2107941.94,USD,2024-06-25,Paid,2024-07-10
INV1528,VYG1528,9596666,Saudi Aramco Trading,87.11,10.541,284815,0,2615119.38,USD,2024-07-26,Paid,2024-08-28
INV1529,VYG1529,9596666,BP Oil International,102.9,12.9494,264258,0,3521309.62,USD,2024-08-25,Paid,2024-09-20
INV1530,VYG1530,9596666,Chevron Products,94.7,12.8753,286442,0,3492495.56,USD,2024-09-17,Paid,2024-10-16
INV1531,VYG1531,9596666,Freepoint Commodities,70.59,15.9965,274776,1859,3102913.95,USD,2024-10-12,Paid,2024-10-28
INV1532,VYG1532,9596666,Litasco,47.55,13.5977,269684,0,1743705.0,USD,2024-11-02,Outstanding,
INV1533,VYG1533,9596666,Glencore Energy,99.61,13.6998,287768,546,3926817.37,USD,2024-12-01,Paid,2025-01-07
INV1534,VYG1534,9596666,Equinor Trading,55.18,10.5133,280676,0,1628234.3,USD,2025-01-07,Paid,2025-01-31
INV1535,VYG1535,9597777,ExxonMobil Oil,129.31,14.8081,149339,0,2859517.32,USD,2022-01-28,Paid,2022-03-02
INV1536,VYG1536,9597777,Trafigura,144.12,15.8526,140289,0,3205170.34,USD,2022-02-24,Outstanding,
INV1537,VYG1537,9597777,Shell Trading,57.75,11.456,153270,0,1014034.01,USD,2022-03-24,Paid,2022-04-18
INV1538,VYG1538,9597777,Saudi Aramco Trading,147.73,11.754,152779,0,2652859.2,USD,2022-04-27,Paid,2022-06-03
INV1539,VYG1539,9597777,Trafigura,71.55,10.6211,148548,0,1128842.1,USD,2022-05-25,Paid,2022-07-03
INV1540,VYG1540,9597777,Glencore Energy,116.91,14.6431,143678,1145,2459671.93,USD,2022-07-03,Paid,2022-07-21
INV1541,VYG1541,9597777,Freepoint Commodities,59.07,11.9737,149063,0,1054225.4,USD,2022-08-11,Paid,2022-09-09
INV1542,VYG1542,9597777,ExxonMobil Oil,105.46,12.7787,141787,0,1910847.48,USD,2022-09-11,Paid,2022-10-16
INV1543,VYG1543,9597777,Saudi Aramco Trading,116.44,9.7171,139372,0,1576940.94,USD,2022-10-14,Paid,2022-11-07
INV1544,VYG1544,9597777,Glencore Energy,122.98,10.8103,149943,993,1993388.94,USD,2022-11-23,Paid,2023-01-03
INV1545,VYG1545,9597777,Saudi Aramco Trading,72.13,13.0435,147065,1385,1383698.42,USD,2023-01-01,Paid,2023-02-12
INV1546,VYG1546,9597777,Equinor Trading,102.77,15.7256,152349,0,2462075.73,USD,2023-01-20,Paid,2023-02-12
INV1547,VYG1547,9597777,Castleton Commodities,113.47,11.2161,142092,0,1808345.16,USD,2023-02-17,Paid,2023-03-24
INV1548,VYG1548,9597777,Chevron Products,101.12,11.6111,143932,0,1689983.35,USD,2023-03-26,Paid,2023-04-14
INV1549,VYG1549,9597777,BP Oil International,57.98,14.4427,146786,0,1229082.84,USD,2023-05-05,Paid,2023-06-16
INV1550,VYG1550,9597777,Vitol Group,127.66,13.8878,144480,0,2561415.8,USD,2023-06-08,Paid,2023-06-25
INV1551,VYG1551,9597777,Saudi Aramco Trading,150.26,15.2679,140265,0,3217814.0,USD,2023-07-15,Paid,2023-08-23
INV1552,VYG1552,9597777,TotalEnergies Trading,108.13,10.6049,151242,0,1734257.42,USD,2023-08-21,Paid,2023-09-24
INV1553,VYG1553,9597777,Chevron Products,60.71,11.7971,144933,0,1038012.59,USD,2023-09-21,Paid,2023-10-12
INV1554,VYG1554,9597777,Vitol Group,61.02,15.1017,147297,0,1357279.54,USD,2023-10-30,Paid,2023-12-09
INV1555,VYG1555,9597777,Mercuria Energy,97.27,10.9251,139133,0,1478617.32,USD,2023-12-07,Paid,2024-01-06
INV1556,VYG1556,9597777,ExxonMobil Oil,152.05,14.9297,139439,0,3165354.55,USD,2024-01-14,Paid,2024-02-14
INV1557,VYG1557,9597777,Gunvor Group,81.03,10.4557,148716,0,1259953.49,USD,2024-02-22,Paid,2024-03-24
INV1558,VYG1558,9597777,Litasco,55.74,13.5774,142265,675,1076747.03,USD,2024-04-03,Paid,2024-05-14
INV1559,VYG1559,9597777,Mercuria Energy,147.29,12.02,147240,0,2606810.98,USD,2024-04-28,Paid,2024-05-20
INV1560,VYG1560,9597777,Vitol Group,141.27,14.1513,148462,254,2968027.45,USD,2024-05-24,Paid,2024-06-09
INV1561,VYG1561,9597777,Glencore Energy,159.04,14.6937,152814,1887,3571110.42,USD,2024-06-19,Paid,2024-07-06
INV1562,VYG1562,9597777,Mercuria Energy,102.37,14.7373,149475,0,2255079.86,USD,2024-07-25,Paid,2024-08-30
INV1563,VYG1563,9597777,Vitol Group,138.27,13.7183,150908,0,2862406.31,USD,2024-09-01,Paid,2024-10-09
INV1564,VYG1564,9597777,Castleton Commodities,101.12,12.6828,145482,0,1865727.36,USD,2024-10-07,Paid,2024-11-02
INV1565,VYG1565,9597777,Saudi Aramco Trading,100.4,14.9603,144510,0,2170455.73,USD,2024-10-31,Paid,2024-11-23
INV1566,VYG1566,9597777,ExxonMobil Oil,101.43,14.2314,147157,0,2124111.75,USD,2024-12-05,Paid,2025-01-05
INV1567,VYG1567,9597777,Vitol Group,133.72,12.0226,143092,0,2300459.43,USD,2025-01-06,Paid,2025-02-08
INV1568,VYG1568,9598888,Vitol Group,146.47,9.7171,102439,0,1458022.86,USD,2022-01-27,Paid,2022-02-22
INV1569,VYG1569,9598888,Castleton Commodities,176.13,14.6167,108072,0,2782195.1,USD,2022-03-03,Paid,2022-03-30
INV1570,VYG1570,9598888,Castleton Commodities,123.82,13.4231,109677,0,1822931.32,USD,2022-04-07,Paid,2022-05-21
INV1571,VYG1571,9598888,Mercuria Energy,143.72,12.9794,110791,0,2066747.76,USD,2022-04-28,Paid,2022-05-26
INV1572,VYG1572,9598888,Mercuria Energy,194.68,14.2436,112044,0,3106910.68,USD,2022-05-21,Outstanding,
INV1573,VYG1573,9598888,Trafigura,189.46,14.5322,111779,0,3077556.35,USD,2022-07-04,Paid,2022-08-06
INV1574,VYG1574,9598888,Equinor Trading,169.5,13.1251,105958,0,2357245.42,USD,2022-07-28,Paid,2022-09-07
INV1575,VYG1575,9598888,Gunvor Group,135.78,12.594,110984,0,1897769.26,USD,2022-08-24,Paid,2022-09-11
INV1576,VYG1576,9598888,Litasco,132.97,10.2923,112674,0,1542023.97,USD,2022-10-08,Paid,2022-10-23
INV1577,VYG1577,9598888,Trafigura,161.67,14.7719,113107,0,2701137.77,USD,2022-11-01,Paid,2022-11-22
INV1578,VYG1578,9598888,Mercuria Energy,109.47,17.3043,102446,0,1940557.25,USD,2022-12-07,Paid,2023-01-07
INV1579,VYG1579,9598888,Trafigura,112.9,12.8257,109806,0,1590060.68,USD,2023-01-03,Outstanding,
INV1580,VYG1580,9598888,Litasco,180.76,16.3162,111045,0,3274993.03,USD,2023-02-11,Paid,2023-03-02
INV1581,VYG1581,9598888,TotalEnergies Trading,108.02,14.7946,112066,0,1790959.67,USD,2023-03-10,Paid,2023-04-09
INV1582,VYG1582,9598888,Freepoint Commodities,136.86,14.2664,104728,0,2044838.6,USD,2023-04-13,Paid,2023-05-24
INV1583,VYG1583,9598888,TotalEnergies Trading,196.54,12.7787,108580,0,2726942.62,USD,2023-05-17,Paid,2023-06-17
INV1584,VYG1584,9598888,Shell Trading,109.88,14.5717,107840,0,1726676.26,USD,2023-06-22,Paid,2023-08-02
INV1585,VYG1585,9598888,Shell Trading,111.9,12.3221,107051,0,1476086.15,USD,2023-07-27,Paid,2023-09-01
INV1586,VYG1586,9598888,Shell Trading,79.58,14.5944,110392,0,1282161.8,USD,2023-08-23,Paid,2023-09-24
INV1587,VYG1587,9598888,Shell Trading,188.97,14.8043,105456,0,2950168.16,USD,2023-09-29,Paid,2023-11-05
INV1588,VYG1588,9598888,Saudi Aramco Trading,108.04,14.8233,111897,0,1791995.63,USD,2023-11-12,Paid,2023-12-11
INV1589,VYG1589,9598888,Glencore Energy,75.77,15.9861,110717,0,1341103.47,USD,2023-12-05,Paid,2023-12-29
INV1590,VYG1590,9598888,Vitol Group,126.98,12.7787,103308,0,1676326.62,USD,2024-01-10,Paid,2024-02-23
INV1591,VYG1591,9598888,Freepoint Commodities,191.62,10.024,106651,0,2048572.32,USD,2024-02-10,Paid,2024-03-14
INV1592,VYG1592,9598888,Gunvor Group,99.35,13.9363,102893,0,1424642.75,USD,2024-03-11,Paid,2024-03-26
INV1593,VYG1593,9598888,Litasco,148.33,14.1672,107268,0,2254187.68,USD,2024-04-19,Paid,2024-05-29
INV1594,VYG1594,9598888,ExxonMobil Oil,195.36,13.7309,107556,0,2885101.21,USD,2024-05-11,Paid,2024-05-30
INV1595,VYG1595,9598888,Mercuria Energy,156.9,13.3639,111366,0,2335085.95,USD,2024-06-24,Paid,2024-08-05
INV1596,VYG1596,9598888,Litasco,94.67,10.6383,110654,0,1114428.95,USD,2024-07-16,Outstanding,
INV1597,VYG1597,9598888,ExxonMobil Oil,124.04,13.5341,108009,0,1813208.86,USD,2024-08-16,Paid,2024-09-01
INV1598,VYG1598,9598888,Vitol Group,174.59,15.9676,112228,0,3128693.14,USD,2024-09-13,Paid,2024-10-06
INV1599,VYG1599,9598888,Shell Trading,92.94,10.3108,106642,0,1021936.14,USD,2024-10-18,Paid,2024-11-24
INV1600,VYG1600,9598888,TotalEnergies Trading,102.12,15.1551,111502,0,1725624.4,USD,2024-11-29,Paid,2024-12-22
INV1601,VYG1601,9598888,Glencore Energy,96.41,11.9059,104747,0,1202332.39,USD,2024-12-31,Paid,2025-01-17
INV1602,VYG1602,9598888,Chevron Products,184.33,10.3437,104976,0,2001545.45,USD,2025-02-01,Paid,2025-02-22
INV1603,VYG1603,9599999,ExxonMobil Oil,112.95,11.4428,276304,0,3570987.9,USD,2022-02-03,Paid,2022-03-02
INV1604,VYG1604,9599999,Glencore Energy,83.0,13.4549,285341,0,3186565.59,USD,2022-03-11,Paid,2022-04-05
INV1605,VYG1605,9599999,Shell Trading,79.59,14.744,283362,0,3324984.8,USD,2022-04-08,Paid,2022-05-19
INV1606,VYG1606,9599999,Gunvor Group,72.82,10.32,261440,0,1964627.61,USD,2022-04-26,Paid,2022-06-02
INV1607,VYG1607,9599999,Glencore Energy,93.7,11.1068,269439,0,2804214.56,USD,2022-06-03,Paid,2022-06-20
INV1608,VYG1608,9599999,Glencore Energy,106.51,12.2885,278446,0,3644545.6,USD,2022-06-25,Paid,2022-07-11
INV1609,VYG1609,9599999,Saudi Aramco Trading,99.25,14.5117,284074,962,4091661.23,USD,2022-08-03,Paid,2022-09-01
INV1610,VYG1610,9599999,BP Oil International,88.0,15.3001,276121,0,3717822.8,USD,2022-08-21,Paid,2022-10-04
INV1611,VYG1611,9599999,Litasco,51.08,10.9186,286230,0,1596461.61,USD,2022-09-22,Paid,2022-10-31
INV1612,VYG1612,9599999,Mercuria Energy,118.42,12.6693,282103,0,4232384.56,USD,2022-10-19,Paid,2022-11-20
INV1613,VYG1613,9599999,Gunvor Group,130.22,14.9942,288657,0,5636066.28,USD,2022-11-25,Paid,2023-01-03
INV1614,VYG1614,9599999,Equinor Trading,92.52,15.8526,274584,0,4027303.28,USD,2022-12-15,Paid,2023-01-03
INV1615,VYG1615,9599999,BP Oil International,126.97,17.7684,266164,0,6004933.68,USD,2023-01-16,Outstanding,
INV1616,VYG1616,9599999,BP Oil International,115.96,14.5415,271895,0,4584863.91,USD,2023-02-12,Paid,2023-03-27
INV1617,VYG1617,9599999,Chevron Products,102.92,12.6693,265376,0,3460157.24,USD,2023-03-18,Paid,2023-05-01
INV1618,VYG1618,9599999,Shell Trading,124.58,12.6473,267794,0,4219344.72,USD,2023-04-08,Paid,2023-04-29
INV1619,VYG1619,9599999,Litasco,96.08,10.5408,289128,0,2928046.39,USD,2023-05-10,Paid,2023-06-15
INV1620,VYG1620,9599999,ExxonMobil Oil,75.96,11.2016,290716,0,2473539.15,USD,2023-06-22,Paid,2023-07-09
INV1621,VYG1621,9599999,Trafigura,120.13,12.7876,271852,0,4176168.09,USD,2023-07-24,Paid,2023-08-18
INV1622,VYG1622,9599999,TotalEnergies Trading,137.78,10.9905,263180,0,3985386.92,USD,2023-08-24,Paid,2023-10-07
INV1623,VYG1623,9599999,Equinor Trading,69.87,10.3505,271124,0,1960710.53,USD,2023-09-19,Paid,2023-10-27
INV1624,VYG1624,9599999,Litasco,111.2,13.7839,287295,0,4403760.43,USD,2023-11-02,Outstanding,
INV1625,VYG1625,9599999,Equinor Trading,126.78,14.7546,277952,0,5199385.19,USD,2023-11-26,Paid,2023-12-29
INV1626,VYG1626,9599999,Mercuria Energy,120.8,15.771,269907,0,5142186.69,USD,2023-12-16,Paid,2024-01-08
INV1627,VYG1627,9599999,Equinor Trading,67.62,13.1489,290488,0,2582763.05,USD,2024-01-18,Outstanding,
INV1628,VYG1628,9599999,Trafigura,57.79,12.094,283229,0,1979466.01,USD,2024-02-09,Paid,2024-03-15
INV1629,VYG1629,9599999,Equinor Trading,47.33,10.9211,285904,0,1477801.53,USD,2024-03-04,Paid,2024-04-04
INV1630,VYG1630,9599999,Trafigura,122.84,12.4917,272399,0,4179770.98,USD,2024-04-15,Paid,2024-05-08
INV1631,VYG1631,9599999,Gunvor Group,76.24,11.0692,274375,0,2315465.59,USD,2024-05-21,Paid,2024-06-05
INV1632,VYG1632,9599999,Gunvor Group,107.96,15.6141,263267,0,4437827.75,USD,2024-06-18,Paid,2024-07-26
INV1633,VYG1633,9599999,ExxonMobil Oil,101.41,9.7171,274170,0,2701620.87,USD,2024-07-20,Paid,2024-08-16
INV1634,VYG1634,9599999,Litasco,72.98,14.115,280987,0,2894582.02,USD,2024-08-22,Paid,2024-10-01
INV1635,VYG1635,9599999,Freepoint Commodities,98.83,10.1865,273668,0,2755229.03,USD,2024-09-26,Paid,2024-11-01
INV1636,VYG1636,9599999,TotalEnergies Trading,77.78,15.6136,265038,0,3218872.23,USD,2024-10-27,Paid,2024-11-29
INV1637,VYG1637,9599999,Litasco,86.37,12.8211,262435,0,2906237.0,USD,2024-11-28,Paid,2024-12-21
INV1638,VYG1638,9599999,Chevron Products,48.99,14.7702,264879,0,1916802.92,USD,2024-12-24,Paid,2025-01-16
INV1639,VYG1639,9599999,Saudi Aramco Trading,110.26,13.6488,277072,0,4169800.74,USD,2025-01-17,Paid,2025-03-01
INV1640,VYG1640,9600000,BP Oil International,129.07,11.4176,146978,0,2166007.77,USD,2022-01-18,Paid,2022-02-10
INV1641,VYG1641,9600000,TotalEnergies Trading,93.51,12.3458,156836,0,1810558.67,USD,2022-02-15,Paid,2022-03-20
INV1642,VYG1642,9600000,Glencore Energy,100.94,14.2375,151624,346,2179061.95,USD,2022-03-10,Paid,2022-04-20
INV1643,VYG1643,9600000,Shell Trading,91.09,15.6955,157369,0,2249900.97,USD,2022-04-23,Paid,2022-05-08
INV1644,VYG1644,9600000,Equinor Trading,120.11,12.8023,156673,0,2409164.04,USD,2022-05-24,Paid,2022-06-12
INV1645,VYG1645,9600000,Gunvor Group,67.59,15.9942,152125,480,1644482.89,USD,2022-06-28,Paid,2022-08-10
INV1646,VYG1646,9600000,Mercuria Energy,57.1,12.7787,153020,0,1116487.35,USD,2022-08-01,Paid,2022-09-06
INV1647,VYG1647,9600000,Gunvor Group,103.68,15.8467,149025,0,2448468.92,USD,2022-09-01,Outstanding,
INV1648,VYG1648,9600000,Saudi Aramco Trading,152.54,11.5286,153092,0,2692200.65,USD,2022-09-25,Paid,2022-10-24
INV1649,VYG1649,9600000,Equinor Trading,109.93,15.5477,152533,0,2607096.02,USD,2022-10-25,Paid,2022-11-10
INV1650,VYG1650,9600000,Shell Trading,69.02,11.1539,147559,0,1135921.47,USD,2022-11-16,Paid,2022-12-23
INV1651,VYG1651,9600000,ExxonMobil Oil,110.69,12.2462,150746,0,2043341.6,USD,2022-12-22,Paid,2023-01-19
INV1652,VYG1652,9600000,Castleton Commodities,112.44,14.9193,143062,0,2399833.75,USD,2023-02-05,Paid,2023-03-16
INV1653,VYG1653,9600000,Gunvor Group,95.57,12.3755,145261,0,1718023.83,USD,2023-02-27,Paid,2023-04-10
INV1654,VYG1654,9600000,Glencore Energy,124.35,12.583,146902,0,2298543.12,USD,2023-04-04,Paid,2023-04-24
INV1655,VYG1655,9600000,ExxonMobil Oil,151.91,11.2441,144152,0,2462236.8,USD,2023-05-14,Paid,2023-06-20
INV1656,VYG1656,9600000,Equinor Trading,69.58,12.7787,147095,0,1307868.55,USD,2023-06-17,Paid,2023-07-09
INV1657,VYG1657,9600000,Litasco,58.78,12.9825,156395,0,1193525.14,USD,2023-07-06,Paid,2023-07-29
INV1658,VYG1658,9600000,Chevron Products,107.26,10.5593,145820,0,1651517.21,USD,2023-08-19,Paid,2023-09-27
INV1659,VYG1659,9600000,Gunvor Group,118.87,11.0669,150918,0,1985384.11,USD,2023-09-15,Paid,2023-10-22
INV1660,VYG1660,9600000,Trafigura,146.95,11.772,156662,0,2710142.22,USD,2023-10-06,Paid,2023-11-08
INV1661,VYG1661,9600000,Chevron Products,130.07,10.4136,153111,0,2073831.12,USD,2023-11-23,Paid,2023-12-11
INV1662,VYG1662,9600000,Gunvor Group,66.13,12.3758,143282,0,1172641.59,USD,2023-12-21,Paid,2024-01-08
INV1663,VYG1663,9600000,Freepoint Commodities,83.75,12.0692,142657,0,1442040.14,USD,2024-01-12,Paid,2024-02-15
INV1664,VYG1664,9600000,ExxonMobil Oil,100.37,10.8601,154912,0,1688568.78,USD,2024-02-05,Outstanding,
INV1665,VYG1665,9600000,Trafigura,109.8,11.1819,149293,337,1832944.26,USD,2024-03-08,Paid,2024-04-11
INV1666,VYG1666,9600000,Saudi Aramco Trading,106.82,13.9109,155030,0,2303596.49,USD,2024-04-10,Paid,2024-04-26
INV1667,VYG1667,9600000,Chevron Products,79.59,12.2325,143040,0,1392676.83,USD,2024-05-10,Paid,2024-05-29
INV1668,VYG1668,9600000,ExxonMobil Oil,159.0,15.9776,153768,0,3906291.23,USD,2024-06-12,Outstanding,
INV1669,VYG1669,9600000,Saudi Aramco Trading,63.47,15.125,152920,0,1468040.09,USD,2024-07-14,Paid,2024-08-05
INV1670,VYG1670,9600000,TotalEnergies Trading,102.59,12.038,146931,0,1814476.61,USD,2024-08-23,Paid,2024-09-12
INV1671,VYG1671,9600000,Freepoint Commodities,144.45,11.4459,149315,0,2468640.65,USD,2024-09-20,Paid,2024-10-21
INV1672,VYG1672,9600000,Vitol Group,71.01,10.9695,155520,0,1211393.55,USD,2024-10-17,Paid,2024-11-19
INV1673,VYG1673,9600000,Mercuria Energy,152.63,10.258,142717,0,2234430.24,USD,2024-11-15,Paid,2024-12-16
INV1674,VYG1674,9600000,Equinor Trading,102.54,10.5264,151626,0,1636636.9,USD,2024-12-05,Paid,2025-01-10
INV1675,VYG1675,9600000,Glencore Energy,88.06,15.4142,147793,0,2006158.0,USD,2025-01-01,Outstanding,
INV1676,VYG1676,9601111,Vitol Group,156.18,14.6167,110950,0,2532806.7,USD,2022-02-04,Paid,2022-02-24
INV1677,VYG1677,9601111,Chevron Products,153.25,13.2768,102702,0,2089635.16,USD,2022-03-03,Paid,2022-04-06
INV1678,VYG1678,9601111,Chevron Products,180.09,12.2731,106855,0,2361746.38,USD,2022-04-11,Paid,2022-05-11
INV1679,VYG1679,9601111,Saudi Aramco Trading,87.59,15.5479,102326,0,1393463.8,USD,2022-05-21,Paid,2022-06-24
INV1680,VYG1680,9601111,Mercuria Energy,104.46,12.2003,109899,0,1400606.29,USD,2022-06-20,Paid,2022-07-10
INV1681,VYG1681,9601111,Equinor Trading,141.13,17.3043,101945,0,2489679.59,USD,2022-07-21,Paid,2022-08-10
INV1682,VYG1682,9601111,Freepoint Commodities,193.94,14.6167,109138,0,3093881.26,USD,2022-08-14,Paid,2022-09-20
INV1683,VYG1683,9601111,Freepoint Commodities,91.0,13.5168,103710,0,1275687.27,USD,2022-09-26,Paid,2022-10-30
INV1684,VYG1684,9601111,Glencore Energy,160.38,15.4605,101172,0,2508589.12,USD,2022-10-28,Paid,2022-11-24
INV1685,VYG1685,9601111,Saudi Aramco Trading,124.56,12.0226,103469,0,1549427.61,USD,2022-12-05,Paid,2023-01-02
INV1686,VYG1686,9601111,Gunvor Group,144.62,10.9374,109809,0,1736905.17,USD,2023-01-08,Paid,2023-02-02
INV1687,VYG1687,9601111,Freepoint Commodities,164.81,11.8579,105163,0,2055144.06,USD,2023-02-13,Paid,2023-03-08
INV1688,VYG1688,9601111,Castleton Commodities,150.21,10.4395,101808,0,1596496.83,USD,2023-03-10,Paid,2023-04-16
INV1689,VYG1689,9601111,Litasco,178.67,11.1187,108515,0,2155738.28,USD,2023-04-10,Paid,2023-05-01
INV1690,VYG1690,9601111,Freepoint Commodities,150.83,14.1205,101998,0,2172402.46,USD,2023-05-10,Paid,2023-06-11
INV1691,VYG1691,9601111,Chevron Products,142.76,16.3162,107951,0,2514578.78,USD,2023-06-07,Paid,2023-07-20
INV1692,VYG1692,9601111,BP Oil International,164.62,16.3162,107522,0,2888080.83,USD,2023-07-06,Paid,2023-08-08
INV1693,VYG1693,9601111,Litasco,170.21,13.0019,103652,0,2293810.15,USD,2023-08-04,Paid,2023-09-14
INV1694,VYG1694,9601111,Chevron Products,182.47,16.3162,106028,0,3156757.08,USD,2023-08-25,Paid,2023-09-25
INV1695,VYG1695,9601111,ExxonMobil Oil,185.32,12.3115,104724,0,2389281.46,USD,2023-09-27,Outstanding,
INV1696,VYG1696,9601111,Vitol Group,137.44,12.8756,108517,0,1920349.68,USD,2023-11-01,Paid,2023-12-09
INV1697,VYG1697,9601111,Gunvor Group,151.49,12.5646,104153,1118,1982405.1,USD,2023-11-24,Paid,2023-12-12
INV1698,VYG1698,9601111,Chevron Products,181.28,14.2556,109266,0,2823661.85,USD,2023-12-26,Paid,2024-01-10
INV1699,VYG1699,9601111,Shell Trading,74.35,12.298,109623,0,1002382.41,USD,2024-01-30,Paid,2024-02-15
INV1700,VYG1700,9601111,Castleton Commodities,159.75,12.6105,101284,0,2040437.2,USD,2024-02-17,Paid,2024-03-17
INV1701,VYG1701,9601111,Mercuria Energy,126.94,16.3162,100525,939,2082113.73,USD,2024-03-18,Paid,2024-04-29
INV1702,VYG1702,9601111,TotalEnergies Trading,79.24,12.7055,101498,0,1021886.9,USD,2024-04-22,Paid,2024-05-13
INV1703,VYG1703,9601111,Trafigura,181.8,12.3782,100971,1349,2272210.76,USD,2024-05-24,Paid,2024-07-07
INV1704,VYG1704,9601111,Shell Trading,139.74,12.7573,107507,0,1916574.69,USD,2024-07-01,Outstanding,
INV1705,VYG1705,9601111,Mercuria Energy,199.44,11.7704,100336,0,2355333.69,USD,2024-08-13,Paid,2024-09-20
INV1706,VYG1706,9601111,Equinor Trading,198.16,12.7787,110515,0,2798496.46,USD,2024-09-21,Paid,2024-11-01
INV1707,VYG1707,9601111,Saudi Aramco Trading,160.93,12.9059,100534,0,2087972.53,USD,2024-10-21,Paid,2024-12-02
INV1708,VYG1708,9601111,Freepoint Commodities,87.41,12.7787,103152,0,1152177.8,USD,2024-11-19,Paid,2024-12-18
INV1709,VYG1709,9601111,Equinor Trading,141.81,15.0153,107824,0,2295864.42,USD,2024-12-08,Paid,2024-12-31
INV1710,VYG1710,9601111,Litasco,185.0,11.05,101631,0,2077589.46,USD,2025-01-06,Paid,2025-01-24
