laytime_id,voyage_id,imo_number,charterer,nor_tendered,commencement,allowed_hours,used_hours,net_hours,type,demurrage_rate_usd_day,amount_usd,disputed,counterparty
LT1000,VYG1000,9481234,Litasco,2022-01-05 07:00,2022-01-05 08:00,85.8,61.5,-24.3,Despatch,41253.22,20884.44,N,Litasco
LT1001,VYG1001,9481234,Litasco,2022-02-05 03:00,2022-02-05 06:00,94.4,81.2,-13.2,Despatch,42056.58,11565.56,N,Litasco
LT1002,VYG1002,9481234,Chevron Products,2022-03-18 03:00,2022-03-18 06:00,93.4,109.4,16.0,Demurrage,48061.65,,Y,Chevron Products
LT1003,VYG1003,9481234,Vitol Group,2022-04-20 05:00,2022-04-20 10:00,81.7,105.0,23.3,Demurrage,45745.61,44411.36,N,Vitol Group
LT1004,VYG1004,9481234,Saudi Aramco Trading,2022-05-21 07:00,2022-05-21 10:00,80.5,80.7,0.2,Demurrage,38520.49,321.0,N,Saudi Aramco Trading
LT1005,VYG1005,9481234,Vitol Group,2022-06-17 02:00,2022-06-17 03:00,75.3,73.7,-1.6,Despatch,61921.98,2064.07,N,Vitol Group
LT1006,VYG1006,9481234,Glencore Energy,2022-07-24 01:00,2022-07-24 03:00,88.7,94.1,5.4,Demurrage,73144.05,16457.41,N,Glencore Energy
LT1007,VYG1007,9481234,Trafigura,2022-08-27 04:00,2022-08-27 09:00,63.4,67.2,3.8,Demurrage,39265.77,6217.08,N,Trafigura
LT1008,VYG1008,9481234,BP Oil International,2022-09-21 07:00,2022-09-21 08:00,61.3,45.6,-15.7,Despatch,49728.39,16265.33,N,BP Oil International
LT1009,VYG1009,9481234,Freepoint Commodities,2022-10-27 05:00,2022-10-27 07:00,68.2,53.2,-15.0,Despatch,43610.33,13628.23,N,Freepoint Commodities
LT1010,VYG1010,9481234,Litasco,2022-12-06 04:00,2022-12-06 09:00,72.8,58.5,-14.3,Despatch,62951.59,18754.33,N,Litasco
LT1011,VYG1011,9481234,BP Oil International,2023-01-12 06:00,2023-01-12 11:00,81.6,72.9,-8.7,Despatch,58010.25,10514.36,N,BP Oil International
LT1012,VYG1012,9481234,Chevron Products,2023-02-07 05:00,2023-02-07 07:00,69.0,86.9,17.9,Demurrage,37429.35,27916.06,N,Chevron Products
LT1013,VYG1013,9481234,ExxonMobil Oil,2023-02-28 01:00,2023-02-28 04:00,82.0,101.9,19.9,Demurrage,67840.35,56250.96,N,ExxonMobil Oil
LT1014,VYG1014,9481234,Freepoint Commodities,2023-03-23 07:00,2023-03-23 11:00,78.9,78.3,-0.6,Despatch,45036.21,562.95,N,Freepoint Commodities
LT1015,VYG1015,9481234,ExxonMobil Oil,2023-04-25 03:00,2023-04-25 07:00,69.9,71.0,1.1,Demurrage,47340.58,2169.78,N,ExxonMobil Oil
LT1016,VYG1016,9481234,Vitol Group,2023-05-20 06:00,2023-05-20 07:00,61.7,82.3,20.6,Demurrage,38061.06,32669.07,N,Vitol Group
LT1017,VYG1017,9481234,Chevron Products,2023-06-12 05:00,2023-06-12 06:00,85.0,99.6,14.6,Demurrage,60002.44,,Y,Chevron Products
LT1018,VYG1018,9481234,TotalEnergies Trading,2023-07-17 01:00,2023-07-17 04:00,70.3,67.1,-3.2,Despatch,56318.39,,Y,TotalEnergies Trading
LT1019,VYG1019,9481234,ExxonMobil Oil,2023-08-12 01:00,2023-08-12 03:00,79.5,75.9,-3.6,Despatch,36393.76,,Y,ExxonMobil Oil
LT1020,VYG1020,9481234,Glencore Energy,2023-09-19 04:00,2023-09-19 05:00,72.6,78.0,5.4,Demurrage,46130.54,10379.37,N,Glencore Energy
LT1021,VYG1021,9481234,Vitol Group,2023-10-18 05:00,2023-10-18 10:00,84.6,71.6,-13.0,Despatch,51963.95,14073.57,N,Vitol Group
LT1022,VYG1022,9481234,ExxonMobil Oil,2023-11-19 01:00,2023-11-19 06:00,78.7,66.0,-12.7,Despatch,40958.95,10837.06,N,ExxonMobil Oil
LT1023,VYG1023,9481234,TotalEnergies Trading,2023-12-21 02:00,2023-12-21 06:00,78.4,104.4,26.0,Demurrage,65012.61,70430.33,N,TotalEnergies Trading
LT1024,VYG1024,9481234,Litasco,2024-01-22 01:00,2024-01-22 02:00,67.3,70.8,3.5,Demurrage,70630.56,10300.29,N,Litasco
LT1025,VYG1025,9481234,Gunvor Group,2024-02-22 02:00,2024-02-22 05:00,70.9,79.4,8.5,Demurrage,56952.58,20170.71,N,Gunvor Group
LT1026,VYG1026,9481234,BP Oil International,2024-03-28 06:00,2024-03-28 10:00,82.5,71.5,-11.0,Despatch,60456.69,13854.66,N,BP Oil International
LT1027,VYG1027,9481234,Glencore Energy,2024-04-30 06:00,2024-04-30 09:00,64.8,65.4,0.6,Demurrage,71866.17,1796.65,N,Glencore Energy
LT1028,VYG1028,9481234,Mercuria Energy,2024-05-20 07:00,2024-05-20 08:00,68.8,66.2,-2.6,Despatch,36432.88,1973.45,N,Mercuria Energy
LT1029,VYG1029,9481234,Saudi Aramco Trading,2024-06-23 04:00,2024-06-23 07:00,72.4,79.6,7.2,Demurrage,40754.98,12226.49,N,Saudi Aramco Trading
LT1030,VYG1030,9481234,ExxonMobil Oil,2024-07-31 01:00,2024-07-31 03:00,88.2,81.9,-6.3,Despatch,59728.45,7839.36,N,ExxonMobil Oil
LT1031,VYG1031,9481234,BP Oil International,2024-08-19 05:00,2024-08-19 10:00,90.8,100.6,9.8,Demurrage,59317.93,24221.49,N,BP Oil International
LT1032,VYG1032,9481234,Shell Trading,2024-09-20 03:00,2024-09-20 08:00,88.1,84.1,-4.0,Despatch,73701.25,6141.77,N,Shell Trading
LT1033,VYG1033,9481234,Saudi Aramco Trading,2024-10-29 05:00,2024-10-29 07:00,92.6,85.2,-7.4,Despatch,66972.33,10324.9,N,Saudi Aramco Trading
LT1034,VYG1034,9481234,TotalEnergies Trading,2024-11-16 05:00,2024-11-16 07:00,95.2,113.3,18.1,Demurrage,67859.64,,Y,TotalEnergies Trading
LT1035,VYG1035,9481234,Chevron Products,2024-12-14 02:00,2024-12-14 04:00,82.8,74.9,-7.9,Despatch,41604.87,6847.47,N,Chevron Products
LT1036,VYG1036,9512345,Castleton Commodities,2022-01-08 04:00,2022-01-08 07:00,60.6,78.2,17.6,Demurrage,60987.2,44723.95,N,Castleton Commodities
LT1037,VYG1037,9512345,Vitol Group,2022-02-03 06:00,2022-02-03 07:00,61.0,60.9,-0.1,Despatch,46231.5,96.32,N,Vitol Group
LT1038,VYG1038,9512345,Freepoint Commodities,2022-03-12 06:00,2022-03-12 11:00,70.9,60.7,-10.2,Despatch,38437.29,8167.92,N,Freepoint Commodities
LT1039,VYG1039,9512345,TotalEnergies Trading,2022-04-18 02:00,2022-04-18 03:00,75.8,77.8,2.0,Demurrage,65225.43,5435.45,N,TotalEnergies Trading
LT1040,VYG1040,9512345,Saudi Aramco Trading,2022-05-23 06:00,2022-05-23 08:00,60.6,28.3,-32.3,Despatch,71414.51,48056.01,N,Saudi Aramco Trading
LT1041,VYG1041,9512345,Litasco,2022-06-17 05:00,2022-06-17 07:00,70.9,70.2,-0.7,Despatch,39019.55,569.04,N,Litasco
LT1042,VYG1042,9512345,Equinor Trading,2022-07-22 06:00,2022-07-22 09:00,95.1,95.4,0.3,Demurrage,74071.67,925.9,N,Equinor Trading
LT1043,VYG1043,9512345,Vitol Group,2022-08-13 03:00,2022-08-13 07:00,75.5,104.3,28.8,Demurrage,47079.46,,Y,Vitol Group
LT1044,VYG1044,9512345,Chevron Products,2022-09-06 05:00,2022-09-06 06:00,89.8,73.5,-16.3,Despatch,69420.19,,Y,Chevron Products
LT1045,VYG1045,9512345,Vitol Group,2022-10-03 04:00,2022-10-03 09:00,90.9,77.4,-13.5,Despatch,44343.63,12471.65,N,Vitol Group
LT1046,VYG1046,9512345,BP Oil International,2022-10-23 06:00,2022-10-23 07:00,83.8,122.8,39.0,Demurrage,51669.51,83962.95,N,BP Oil International
LT1047,VYG1047,9512345,Vitol Group,2022-12-05 07:00,2022-12-05 10:00,66.1,54.7,-11.4,Despatch,66945.97,15899.67,N,Vitol Group
LT1048,VYG1048,9512345,Vitol Group,2023-01-01 05:00,2023-01-01 08:00,94.7,77.2,-17.5,Despatch,57183.89,20848.29,N,Vitol Group
LT1049,VYG1049,9512345,BP Oil International,2023-01-31 01:00,2023-01-31 06:00,87.3,75.6,-11.7,Despatch,42194.07,10284.8,N,BP Oil International
LT1050,VYG1050,9512345,Equinor Trading,2023-03-05 05:00,2023-03-05 07:00,85.0,81.4,-3.6,Despatch,66435.24,4982.64,N,Equinor Trading
LT1051,VYG1051,9512345,Shell Trading,2023-04-06 04:00,2023-04-06 08:00,79.4,76.9,-2.5,Despatch,46054.94,,Y,Shell Trading
LT1052,VYG1052,9512345,Vitol Group,2023-04-30 04:00,2023-04-30 08:00,85.5,75.7,-9.8,Despatch,74740.0,15259.42,N,Vitol Group
LT1053,VYG1053,9512345,TotalEnergies Trading,2023-06-05 02:00,2023-06-05 05:00,78.4,83.5,5.1,Demurrage,35234.03,7487.23,N,TotalEnergies Trading
LT1054,VYG1054,9512345,Vitol Group,2023-06-27 03:00,2023-06-27 04:00,77.0,97.6,20.6,Demurrage,35113.25,30138.88,N,Vitol Group
LT1055,VYG1055,9512345,Shell Trading,2023-07-31 06:00,2023-07-31 09:00,64.3,78.0,13.7,Demurrage,37859.83,21611.66,N,Shell Trading
LT1056,VYG1056,9512345,TotalEnergies Trading,2023-08-30 04:00,2023-08-30 05:00,80.9,77.7,-3.2,Despatch,58472.92,3898.19,N,TotalEnergies Trading
LT1057,VYG1057,9512345,Freepoint Commodities,2023-10-06 03:00,2023-10-06 04:00,67.8,70.3,2.5,Demurrage,74979.1,7810.32,N,Freepoint Commodities
LT1058,VYG1058,9512345,Shell Trading,2023-10-27 04:00,2023-10-27 06:00,77.3,60.3,-17.0,Despatch,70542.36,24983.75,N,Shell Trading
LT1059,VYG1059,9512345,Trafigura,2023-11-21 06:00,2023-11-21 11:00,66.8,78.8,12.0,Demurrage,36800.97,18400.49,N,Trafigura
LT1060,VYG1060,9512345,TotalEnergies Trading,2023-12-16 03:00,2023-12-16 05:00,60.2,82.1,21.9,Demurrage,57619.97,52578.22,N,TotalEnergies Trading
LT1061,VYG1061,9512345,Chevron Products,2024-01-13 07:00,2024-01-13 12:00,95.6,80.7,-14.9,Despatch,68015.4,,Y,Chevron Products
LT1062,VYG1062,9512345,Shell Trading,2024-02-16 06:00,2024-02-16 08:00,62.0,65.7,3.7,Demurrage,59957.97,9243.52,N,Shell Trading
LT1063,VYG1063,9512345,Shell Trading,2024-03-16 02:00,2024-03-16 07:00,95.0,100.2,5.2,Demurrage,54235.08,11750.94,N,Shell Trading
LT1064,VYG1064,9512345,BP Oil International,2024-04-20 01:00,2024-04-20 05:00,60.9,58.3,-2.6,Despatch,47758.3,2586.91,N,BP Oil International
LT1065,VYG1065,9512345,Mercuria Energy,2024-06-01 06:00,2024-06-01 10:00,81.8,66.6,-15.2,Despatch,52365.08,16582.28,N,Mercuria Energy
LT1066,VYG1066,9512345,Chevron Products,2024-06-26 03:00,2024-06-26 08:00,85.9,69.3,-16.6,Despatch,48500.23,16772.99,N,Chevron Products
LT1067,VYG1067,9512345,Castleton Commodities,2024-07-29 01:00,2024-07-29 02:00,81.7,107.0,25.3,Demurrage,40229.37,42408.47,N,Castleton Commodities
LT1068,VYG1068,9512345,Vitol Group,2024-08-31 01:00,2024-08-31 02:00,94.1,100.5,6.4,Demurrage,59082.52,15755.34,N,Vitol Group
LT1069,VYG1069,9512345,Equinor Trading,2024-10-03 05:00,2024-10-03 08:00,63.0,84.5,21.5,Demurrage,47513.91,42564.55,N,Equinor Trading
LT1070,VYG1070,9512345,Chevron Products,2024-11-02 07:00,2024-11-02 10:00,95.7,85.5,-10.2,Despatch,45400.22,9647.55,N,Chevron Products
LT1071,VYG1071,9512345,Saudi Aramco Trading,2024-12-07 07:00,2024-12-07 10:00,75.2,81.2,6.0,Demurrage,65378.05,,Y,Saudi Aramco Trading
LT1072,VYG1072,9523456,Castleton Commodities,2022-01-10 07:00,2022-01-10 09:00,85.3,60.1,-25.2,Despatch,70262.76,36887.95,N,Castleton Commodities
LT1073,VYG1073,9523456,Equinor Trading,2022-02-11 07:00,2022-02-11 12:00,95.0,117.0,22.0,Demurrage,54161.83,,Y,Equinor Trading
LT1074,VYG1074,9523456,ExxonMobil Oil,2022-03-13 05:00,2022-03-13 06:00,74.2,94.5,20.3,Demurrage,73022.71,,Y,ExxonMobil Oil
LT1075,VYG1075,9523456,Castleton Commodities,2022-04-24 07:00,2022-04-24 12:00,83.9,78.6,-5.3,Despatch,70960.16,7835.18,N,Castleton Commodities
LT1076,VYG1076,9523456,Litasco,2022-05-19 07:00,2022-05-19 12:00,83.1,86.4,3.3,Demurrage,52092.42,7162.71,N,Litasco
LT1077,VYG1077,9523456,Chevron Products,2022-06-22 06:00,2022-06-22 09:00,89.7,104.6,14.9,Demurrage,72262.35,,Y,Chevron Products
LT1078,VYG1078,9523456,ExxonMobil Oil,2022-07-17 05:00,2022-07-17 10:00,94.3,112.6,18.3,Demurrage,60210.95,45910.85,N,ExxonMobil Oil
LT1079,VYG1079,9523456,Castleton Commodities,2022-08-13 01:00,2022-08-13 02:00,84.6,92.3,7.7,Demurrage,42173.75,13530.74,N,Castleton Commodities
LT1080,VYG1080,9523456,Freepoint Commodities,2022-09-18 06:00,2022-09-18 08:00,61.9,59.9,-2.0,Despatch,47743.88,1989.33,N,Freepoint Commodities
LT1081,VYG1081,9523456,Glencore Energy,2022-10-27 04:00,2022-10-27 08:00,94.2,94.4,0.2,Demurrage,57720.97,481.01,N,Glencore Energy
LT1082,VYG1082,9523456,Litasco,2022-11-28 06:00,2022-11-28 09:00,73.5,95.6,22.1,Demurrage,60349.55,55571.88,N,Litasco
LT1083,VYG1083,9523456,Saudi Aramco Trading,2023-01-03 03:00,2023-01-03 05:00,83.1,89.0,5.9,Demurrage,67639.51,16628.05,N,Saudi Aramco Trading
LT1084,VYG1084,9523456,Saudi Aramco Trading,2023-01-29 07:00,2023-01-29 08:00,65.5,65.1,-0.4,Despatch,64643.43,,Y,Saudi Aramco Trading
LT1085,VYG1085,9523456,Mercuria Energy,2023-02-23 07:00,2023-02-23 11:00,82.2,55.9,-26.3,Despatch,67904.26,37205.88,N,Mercuria Energy
LT1086,VYG1086,9523456,Castleton Commodities,2023-03-31 05:00,2023-03-31 08:00,73.7,72.0,-1.7,Despatch,54878.79,,Y,Castleton Commodities
LT1087,VYG1087,9523456,ExxonMobil Oil,2023-04-25 02:00,2023-04-25 04:00,94.4,94.0,-0.4,Despatch,71067.61,592.23,N,ExxonMobil Oil
LT1088,VYG1088,9523456,Chevron Products,2023-05-30 03:00,2023-05-30 05:00,86.4,94.8,8.4,Demurrage,60802.45,21280.86,N,Chevron Products
LT1089,VYG1089,9523456,Glencore Energy,2023-06-25 02:00,2023-06-25 06:00,85.3,65.0,-20.3,Despatch,35464.99,14998.73,N,Glencore Energy
LT1090,VYG1090,9523456,Litasco,2023-08-05 02:00,2023-08-05 05:00,68.9,55.8,-13.1,Despatch,42112.98,11493.33,N,Litasco
LT1091,VYG1091,9523456,Trafigura,2023-09-11 06:00,2023-09-11 08:00,68.1,65.6,-2.5,Despatch,63770.25,3321.37,N,Trafigura
LT1092,VYG1092,9523456,Freepoint Commodities,2023-10-20 03:00,2023-10-20 06:00,70.1,69.8,-0.3,Despatch,57715.62,360.72,N,Freepoint Commodities
LT1093,VYG1093,9523456,Freepoint Commodities,2023-11-14 01:00,2023-11-14 05:00,95.1,106.6,11.5,Demurrage,57358.27,27484.17,N,Freepoint Commodities
LT1094,VYG1094,9523456,Vitol Group,2023-12-18 03:00,2023-12-18 04:00,61.9,56.1,-5.8,Despatch,62819.13,7590.65,N,Vitol Group
LT1095,VYG1095,9523456,Gunvor Group,2024-01-25 05:00,2024-01-25 08:00,76.4,76.0,-0.4,Despatch,53744.2,447.87,N,Gunvor Group
LT1096,VYG1096,9523456,Gunvor Group,2024-02-22 04:00,2024-02-22 08:00,62.7,61.1,-1.6,Despatch,43323.85,1444.13,N,Gunvor Group
LT1097,VYG1097,9523456,Shell Trading,2024-03-27 07:00,2024-03-27 11:00,63.1,58.1,-5.0,Despatch,63942.86,6660.71,N,Shell Trading
LT1098,VYG1098,9523456,Shell Trading,2024-04-29 02:00,2024-04-29 07:00,62.3,49.7,-12.6,Despatch,73707.94,,Y,Shell Trading
LT1099,VYG1099,9523456,Litasco,2024-06-05 04:00,2024-06-05 08:00,81.5,101.0,19.5,Demurrage,73259.71,59523.52,N,Litasco
LT1100,VYG1100,9523456,Mercuria Energy,2024-07-13 04:00,2024-07-13 07:00,87.0,80.5,-6.5,Despatch,49626.3,6720.23,N,Mercuria Energy
LT1101,VYG1101,9523456,Litasco,2024-08-06 04:00,2024-08-06 08:00,63.0,49.3,-13.7,Despatch,66538.26,18991.13,N,Litasco
LT1102,VYG1102,9523456,Gunvor Group,2024-08-31 01:00,2024-08-31 06:00,79.0,59.3,-19.7,Despatch,52599.52,21587.72,N,Gunvor Group
LT1103,VYG1103,9523456,Chevron Products,2024-10-08 05:00,2024-10-08 06:00,68.2,71.6,3.4,Demurrage,35123.1,4975.77,N,Chevron Products
LT1104,VYG1104,9523456,Litasco,2024-11-09 04:00,2024-11-09 06:00,85.5,67.6,-17.9,Despatch,64583.21,24084.16,N,Litasco
LT1105,VYG1105,9523456,Gunvor Group,2024-12-06 07:00,2024-12-06 11:00,83.2,62.4,-20.8,Despatch,67064.98,29061.49,N,Gunvor Group
LT1106,VYG1106,9523456,Vitol Group,2024-12-31 07:00,2024-12-31 08:00,82.5,74.9,-7.6,Despatch,68238.23,,Y,Vitol Group
LT1107,VYG1107,9534567,Chevron Products,2022-01-06 04:00,2022-01-06 05:00,55.3,86.8,31.5,Demurrage,27364.64,35916.09,N,Chevron Products
LT1108,VYG1108,9534567,Trafigura,2022-02-07 02:00,2022-02-07 03:00,60.5,47.4,-13.1,Despatch,33294.44,9086.61,N,Trafigura
LT1109,VYG1109,9534567,Equinor Trading,2022-03-05 01:00,2022-03-05 03:00,54.5,56.5,2.0,Demurrage,32686.4,2723.87,N,Equinor Trading
LT1110,VYG1110,9534567,Saudi Aramco Trading,2022-04-09 06:00,2022-04-09 10:00,69.6,83.1,13.5,Demurrage,32258.01,18145.13,N,Saudi Aramco Trading
LT1111,VYG1111,9534567,ExxonMobil Oil,2022-05-08 06:00,2022-05-08 09:00,65.0,76.8,11.8,Demurrage,42601.67,20945.82,N,ExxonMobil Oil
LT1112,VYG1112,9534567,BP Oil International,2022-06-15 03:00,2022-06-15 08:00,66.4,65.9,-0.5,Despatch,26405.59,275.06,N,BP Oil International
LT1113,VYG1113,9534567,Glencore Energy,2022-07-10 03:00,2022-07-10 07:00,56.9,68.1,11.2,Demurrage,25790.02,12035.34,N,Glencore Energy
LT1114,VYG1114,9534567,Vitol Group,2022-07-28 03:00,2022-07-28 06:00,54.8,60.5,5.7,Demurrage,31871.08,7569.38,N,Vitol Group
LT1115,VYG1115,9534567,Equinor Trading,2022-08-30 01:00,2022-08-30 02:00,55.7,40.8,-14.9,Despatch,23704.6,7358.3,N,Equinor Trading
LT1116,VYG1116,9534567,Litasco,2022-09-21 05:00,2022-09-21 09:00,50.4,36.7,-13.7,Despatch,38113.24,10878.15,N,Litasco
LT1117,VYG1117,9534567,TotalEnergies Trading,2022-10-19 01:00,2022-10-19 03:00,68.7,58.1,-10.6,Despatch,29190.08,,Y,TotalEnergies Trading
LT1118,VYG1118,9534567,Glencore Energy,2022-11-29 06:00,2022-11-29 07:00,63.5,63.5,0.0,Despatch,44420.99,0.0,N,Glencore Energy
LT1119,VYG1119,9534567,Shell Trading,2023-01-06 03:00,2023-01-06 06:00,48.8,58.9,10.1,Demurrage,31048.66,,Y,Shell Trading
LT1120,VYG1120,9534567,Equinor Trading,2023-02-13 07:00,2023-02-13 09:00,57.7,31.6,-26.1,Despatch,32897.97,17888.27,N,Equinor Trading
LT1121,VYG1121,9534567,Glencore Energy,2023-03-24 07:00,2023-03-24 10:00,56.8,57.6,0.8,Demurrage,25494.79,849.83,N,Glencore Energy
LT1122,VYG1122,9534567,Freepoint Commodities,2023-04-22 05:00,2023-04-22 09:00,68.9,82.8,13.9,Demurrage,34203.79,19809.7,N,Freepoint Commodities
LT1123,VYG1123,9534567,Equinor Trading,2023-05-25 07:00,2023-05-25 09:00,70.2,62.4,-7.8,Despatch,26694.89,4337.92,N,Equinor Trading
LT1124,VYG1124,9534567,Glencore Energy,2023-06-18 01:00,2023-06-18 02:00,70.3,71.9,1.6,Demurrage,43898.35,,Y,Glencore Energy
LT1125,VYG1125,9534567,Trafigura,2023-07-30 06:00,2023-07-30 07:00,52.5,65.7,13.2,Demurrage,42323.51,23277.93,N,Trafigura
LT1126,VYG1126,9534567,Vitol Group,2023-09-03 05:00,2023-09-03 09:00,57.4,49.4,-8.0,Despatch,41871.29,6978.55,N,Vitol Group
LT1127,VYG1127,9534567,TotalEnergies Trading,2023-10-13 04:00,2023-10-13 08:00,52.8,76.0,23.2,Demurrage,42031.06,40630.02,N,TotalEnergies Trading
LT1128,VYG1128,9534567,Litasco,2023-11-14 03:00,2023-11-14 05:00,52.1,44.8,-7.3,Despatch,30412.76,4625.27,N,Litasco
LT1129,VYG1129,9534567,Gunvor Group,2023-12-13 07:00,2023-12-13 12:00,71.9,53.2,-18.7,Despatch,24098.97,9388.56,N,Gunvor Group
LT1130,VYG1130,9534567,Vitol Group,2024-01-17 06:00,2024-01-17 10:00,53.9,61.8,7.9,Demurrage,24685.93,8125.79,N,Vitol Group
LT1131,VYG1131,9534567,Freepoint Commodities,2024-02-11 01:00,2024-02-11 04:00,59.7,46.2,-13.5,Despatch,27841.89,7830.53,N,Freepoint Commodities
LT1132,VYG1132,9534567,Gunvor Group,2024-03-22 04:00,2024-03-22 08:00,69.8,75.6,5.8,Demurrage,27652.28,6682.63,N,Gunvor Group
LT1133,VYG1133,9534567,Saudi Aramco Trading,2024-04-26 07:00,2024-04-26 11:00,51.4,38.5,-12.9,Despatch,35941.44,9659.26,N,Saudi Aramco Trading
LT1134,VYG1134,9534567,Equinor Trading,2024-06-03 01:00,2024-06-03 06:00,54.2,60.0,5.8,Demurrage,23781.59,5747.22,N,Equinor Trading
LT1135,VYG1135,9534567,Shell Trading,2024-06-25 07:00,2024-06-25 09:00,49.6,34.3,-15.3,Despatch,37790.54,12045.73,N,Shell Trading
LT1136,VYG1136,9534567,Litasco,2024-08-01 07:00,2024-08-01 08:00,54.8,62.8,8.0,Demurrage,39008.24,13002.75,N,Litasco
LT1137,VYG1137,9534567,Chevron Products,2024-08-29 07:00,2024-08-29 12:00,49.1,52.4,3.3,Demurrage,35702.59,4909.11,N,Chevron Products
LT1138,VYG1138,9534567,BP Oil International,2024-09-30 01:00,2024-09-30 04:00,70.8,58.8,-12.0,Despatch,23244.31,5811.08,N,BP Oil International
LT1139,VYG1139,9534567,TotalEnergies Trading,2024-11-05 02:00,2024-11-05 05:00,66.7,51.3,-15.4,Despatch,34930.01,11206.71,N,TotalEnergies Trading
LT1140,VYG1140,9534567,Vitol Group,2024-12-13 04:00,2024-12-13 07:00,52.4,38.1,-14.3,Despatch,34823.15,10374.4,N,Vitol Group
LT1141,VYG1141,9545678,Trafigura,2022-01-04 03:00,2022-01-04 07:00,65.5,58.2,-7.3,Despatch,43879.76,6673.38,N,Trafigura
LT1142,VYG1142,9545678,Equinor Trading,2022-01-28 04:00,2022-01-28 07:00,63.2,36.0,-27.2,Despatch,33558.51,19016.49,N,Equinor Trading
LT1143,VYG1143,9545678,Gunvor Group,2022-03-05 01:00,2022-03-05 04:00,48.0,54.9,6.9,Demurrage,37304.36,10725.0,N,Gunvor Group
LT1144,VYG1144,9545678,Glencore Energy,2022-04-08 05:00,2022-04-08 08:00,63.3,70.3,7.0,Demurrage,33931.66,9896.74,N,Glencore Energy
LT1145,VYG1145,9545678,Chevron Products,2022-05-11 04:00,2022-05-11 07:00,67.8,78.4,10.6,Demurrage,44641.3,19716.58,N,Chevron Products
LT1146,VYG1146,9545678,ExxonMobil Oil,2022-06-10 04:00,2022-06-10 06:00,53.8,50.3,-3.5,Despatch,41627.99,3035.37,N,ExxonMobil Oil
LT1147,VYG1147,9545678,Litasco,2022-07-20 07:00,2022-07-20 08:00,58.2,90.7,32.5,Demurrage,41315.12,55947.56,N,Litasco
LT1148,VYG1148,9545678,Chevron Products,2022-08-16 07:00,2022-08-16 12:00,50.7,60.5,9.8,Demurrage,42254.74,17254.02,N,Chevron Products
LT1149,VYG1149,9545678,Glencore Energy,2022-09-14 07:00,2022-09-14 10:00,48.4,60.1,11.7,Demurrage,34301.87,,Y,Glencore Energy
LT1150,VYG1150,9545678,Castleton Commodities,2022-10-15 02:00,2022-10-15 03:00,57.3,66.8,9.5,Demurrage,38129.36,15092.87,N,Castleton Commodities
LT1151,VYG1151,9545678,Mercuria Energy,2022-11-11 06:00,2022-11-11 07:00,49.7,53.9,4.2,Demurrage,36253.51,,Y,Mercuria Energy
LT1152,VYG1152,9545678,BP Oil International,2022-12-06 02:00,2022-12-06 04:00,67.8,84.2,16.4,Demurrage,42428.54,28992.83,N,BP Oil International
LT1153,VYG1153,9545678,Glencore Energy,2023-01-18 06:00,2023-01-18 09:00,49.0,45.8,-3.2,Despatch,37289.52,2485.97,N,Glencore Energy
LT1154,VYG1154,9545678,Saudi Aramco Trading,2023-02-17 07:00,2023-02-17 08:00,67.6,35.5,-32.1,Despatch,44828.27,,Y,Saudi Aramco Trading
LT1155,VYG1155,9545678,Saudi Aramco Trading,2023-03-27 06:00,2023-03-27 07:00,63.8,63.7,-0.1,Despatch,25422.29,52.96,N,Saudi Aramco Trading
LT1156,VYG1156,9545678,Freepoint Commodities,2023-04-27 02:00,2023-04-27 03:00,64.4,41.1,-23.3,Despatch,40579.68,19698.05,N,Freepoint Commodities
LT1157,VYG1157,9545678,ExxonMobil Oil,2023-05-25 01:00,2023-05-25 05:00,59.3,45.0,-14.3,Despatch,32650.86,9727.24,N,ExxonMobil Oil
LT1158,VYG1158,9545678,TotalEnergies Trading,2023-07-05 06:00,2023-07-05 08:00,49.0,51.3,2.3,Demurrage,28201.32,2702.63,N,TotalEnergies Trading
LT1159,VYG1159,9545678,Equinor Trading,2023-07-29 04:00,2023-07-29 08:00,58.3,56.6,-1.7,Despatch,44122.86,1562.68,N,Equinor Trading
LT1160,VYG1160,9545678,Gunvor Group,2023-09-04 03:00,2023-09-04 07:00,57.7,76.1,18.4,Demurrage,32030.96,24557.07,N,Gunvor Group
LT1161,VYG1161,9545678,Castleton Commodities,2023-10-12 02:00,2023-10-12 07:00,69.0,65.3,-3.7,Despatch,32777.58,2526.61,N,Castleton Commodities
LT1162,VYG1162,9545678,Chevron Products,2023-11-01 06:00,2023-11-01 11:00,71.0,69.2,-1.8,Despatch,42679.14,1600.47,N,Chevron Products
LT1163,VYG1163,9545678,Shell Trading,2023-12-09 05:00,2023-12-09 08:00,50.0,48.0,-2.0,Despatch,31502.84,1312.62,N,Shell Trading
LT1164,VYG1164,9545678,Equinor Trading,2023-12-30 07:00,2023-12-30 09:00,67.3,45.8,-21.5,Despatch,36027.95,,Y,Equinor Trading
LT1165,VYG1165,9545678,Gunvor Group,2024-01-26 05:00,2024-01-26 06:00,59.9,57.3,-2.6,Despatch,25341.03,,Y,Gunvor Group
LT1166,VYG1166,9545678,Saudi Aramco Trading,2024-02-15 05:00,2024-02-15 10:00,54.2,47.7,-6.5,Despatch,39919.84,5405.81,N,Saudi Aramco Trading
LT1167,VYG1167,9545678,Vitol Group,2024-03-16 05:00,2024-03-16 10:00,55.9,51.8,-4.1,Despatch,33519.63,,Y,Vitol Group
LT1168,VYG1168,9545678,Litasco,2024-04-10 01:00,2024-04-10 05:00,60.8,74.3,13.5,Demurrage,22212.73,12494.66,N,Litasco
LT1169,VYG1169,9545678,Equinor Trading,2024-05-09 05:00,2024-05-09 07:00,49.0,42.0,-7.0,Despatch,44973.5,6558.63,N,Equinor Trading
LT1170,VYG1170,9545678,Mercuria Energy,2024-06-02 04:00,2024-06-02 09:00,48.5,42.3,-6.2,Despatch,42533.83,5493.95,N,Mercuria Energy
LT1171,VYG1171,9545678,Equinor Trading,2024-07-14 04:00,2024-07-14 07:00,57.7,41.2,-16.5,Despatch,34000.56,11687.69,N,Equinor Trading
LT1172,VYG1172,9545678,Litasco,2024-08-10 06:00,2024-08-10 11:00,52.8,57.8,5.0,Demurrage,32623.2,6796.5,N,Litasco
LT1173,VYG1173,9545678,Trafigura,2024-09-11 03:00,2024-09-11 08:00,48.9,48.8,-0.1,Despatch,31345.66,65.3,N,Trafigura
LT1174,VYG1174,9545678,Litasco,2024-10-22 03:00,2024-10-22 05:00,56.9,55.4,-1.5,Despatch,36942.54,1154.45,N,Litasco
LT1175,VYG1175,9545678,Vitol Group,2024-11-27 05:00,2024-11-27 08:00,67.6,74.6,7.0,Demurrage,23163.59,6756.05,N,Vitol Group
LT1176,VYG1176,9545678,Litasco,2025-01-02 02:00,2025-01-02 04:00,72.0,98.4,26.4,Demurrage,23972.89,26370.18,N,Litasco
LT1177,VYG1177,9556789,BP Oil International,2022-01-05 03:00,2022-01-05 04:00,56.4,23.4,-33.0,Despatch,36979.4,25423.34,N,BP Oil International
LT1178,VYG1178,9556789,TotalEnergies Trading,2022-02-01 02:00,2022-02-01 03:00,68.3,39.2,-29.1,Despatch,44579.71,,Y,TotalEnergies Trading
LT1179,VYG1179,9556789,Trafigura,2022-02-25 07:00,2022-02-25 09:00,54.6,26.6,-28.0,Despatch,34556.38,20157.89,N,Trafigura
LT1180,VYG1180,9556789,Litasco,2022-04-01 03:00,2022-04-01 08:00,69.5,73.9,4.4,Demurrage,34834.01,6386.24,N,Litasco
LT1181,VYG1181,9556789,BP Oil International,2022-05-08 02:00,2022-05-08 05:00,55.2,61.1,5.9,Demurrage,39560.74,9725.35,N,BP Oil International
LT1182,VYG1182,9556789,Equinor Trading,2022-06-14 03:00,2022-06-14 04:00,51.7,44.5,-7.2,Despatch,43832.49,6574.87,N,Equinor Trading
LT1183,VYG1183,9556789,Trafigura,2022-07-21 06:00,2022-07-21 09:00,63.7,80.3,16.6,Demurrage,32030.69,,Y,Trafigura
LT1184,VYG1184,9556789,Mercuria Energy,2022-08-30 04:00,2022-08-30 08:00,71.7,95.9,24.2,Demurrage,33072.68,33348.28,N,Mercuria Energy
LT1185,VYG1185,9556789,TotalEnergies Trading,2022-10-08 06:00,2022-10-08 11:00,51.0,81.3,30.3,Demurrage,22490.99,28394.88,N,TotalEnergies Trading
LT1186,VYG1186,9556789,BP Oil International,2022-11-16 03:00,2022-11-16 06:00,53.5,45.1,-8.4,Despatch,25877.02,4528.48,N,BP Oil International
LT1187,VYG1187,9556789,Chevron Products,2022-12-09 06:00,2022-12-09 08:00,59.0,70.0,11.0,Demurrage,30714.1,14077.3,N,Chevron Products
LT1188,VYG1188,9556789,Glencore Energy,2023-01-13 07:00,2023-01-13 08:00,69.7,82.3,12.6,Demurrage,26466.31,13894.81,N,Glencore Energy
LT1189,VYG1189,9556789,Trafigura,2023-02-05 02:00,2023-02-05 03:00,58.8,58.7,-0.1,Despatch,28474.71,59.32,N,Trafigura
LT1190,VYG1190,9556789,Chevron Products,2023-02-28 01:00,2023-02-28 04:00,65.5,59.9,-5.6,Despatch,24230.7,2826.92,N,Chevron Products
LT1191,VYG1191,9556789,Trafigura,2023-04-07 02:00,2023-04-07 06:00,67.0,69.1,2.1,Demurrage,29771.52,2605.01,N,Trafigura
LT1192,VYG1192,9556789,Saudi Aramco Trading,2023-05-12 07:00,2023-05-12 12:00,69.5,76.2,6.7,Demurrage,29227.59,8159.37,N,Saudi Aramco Trading
LT1193,VYG1193,9556789,Equinor Trading,2023-06-15 02:00,2023-06-15 06:00,64.7,84.6,19.9,Demurrage,28344.49,23502.3,N,Equinor Trading
LT1194,VYG1194,9556789,Vitol Group,2023-07-16 07:00,2023-07-16 10:00,66.8,46.6,-20.2,Despatch,33788.63,14219.38,N,Vitol Group
LT1195,VYG1195,9556789,BP Oil International,2023-08-22 02:00,2023-08-22 06:00,67.9,57.6,-10.3,Despatch,30387.97,6520.75,N,BP Oil International
LT1196,VYG1196,9556789,Mercuria Energy,2023-09-27 04:00,2023-09-27 06:00,67.8,86.4,18.6,Demurrage,44315.13,34344.23,N,Mercuria Energy
LT1197,VYG1197,9556789,Castleton Commodities,2023-10-29 04:00,2023-10-29 07:00,62.9,62.5,-0.4,Despatch,30636.14,255.3,N,Castleton Commodities
LT1198,VYG1198,9556789,Shell Trading,2023-11-20 07:00,2023-11-20 10:00,49.1,42.7,-6.4,Despatch,24518.96,3269.19,N,Shell Trading
LT1199,VYG1199,9556789,Equinor Trading,2023-12-29 04:00,2023-12-29 07:00,65.3,51.3,-14.0,Despatch,27824.14,8115.38,N,Equinor Trading
LT1200,VYG1200,9556789,Litasco,2024-01-23 06:00,2024-01-23 11:00,52.1,85.9,33.8,Demurrage,32255.06,45425.88,N,Litasco
LT1201,VYG1201,9556789,Equinor Trading,2024-02-22 01:00,2024-02-22 06:00,54.8,66.2,11.4,Demurrage,24652.14,11709.77,N,Equinor Trading
LT1202,VYG1202,9556789,Litasco,2024-03-23 02:00,2024-03-23 07:00,52.0,49.1,-2.9,Despatch,24777.07,1496.95,N,Litasco
LT1203,VYG1203,9556789,BP Oil International,2024-04-20 03:00,2024-04-20 05:00,62.0,25.8,-36.2,Despatch,37268.79,28106.88,N,BP Oil International
LT1204,VYG1204,9556789,Glencore Energy,2024-05-30 04:00,2024-05-30 06:00,51.9,67.6,15.7,Demurrage,33088.86,21645.63,N,Glencore Energy
LT1205,VYG1205,9556789,Equinor Trading,2024-06-27 06:00,2024-06-27 11:00,52.7,30.9,-21.8,Despatch,22856.38,10380.61,N,Equinor Trading
LT1206,VYG1206,9556789,TotalEnergies Trading,2024-07-25 01:00,2024-07-25 06:00,51.7,59.4,7.7,Demurrage,28725.39,9216.06,N,TotalEnergies Trading
LT1207,VYG1207,9556789,BP Oil International,2024-08-26 06:00,2024-08-26 10:00,57.8,51.2,-6.6,Despatch,24491.73,3367.61,N,BP Oil International
LT1208,VYG1208,9556789,Gunvor Group,2024-09-25 07:00,2024-09-25 12:00,60.0,65.7,5.7,Demurrage,43330.28,10290.94,N,Gunvor Group
LT1209,VYG1209,9556789,Mercuria Energy,2024-10-22 03:00,2024-10-22 08:00,55.4,68.8,13.4,Demurrage,32999.48,18424.71,N,Mercuria Energy
LT1210,VYG1210,9556789,Freepoint Commodities,2024-11-26 04:00,2024-11-26 06:00,62.9,39.1,-23.8,Despatch,41379.12,,Y,Freepoint Commodities
LT1211,VYG1211,9567890,Gunvor Group,2022-01-06 06:00,2022-01-06 07:00,41.1,42.3,1.2,Demurrage,22330.4,1116.52,N,Gunvor Group
LT1212,VYG1212,9567890,Freepoint Commodities,2022-02-03 04:00,2022-02-03 07:00,44.6,41.8,-2.8,Despatch,44475.8,2594.42,N,Freepoint Commodities
LT1213,VYG1213,9567890,Mercuria Energy,2022-02-24 01:00,2022-02-24 02:00,39.8,37.9,-1.9,Despatch,23247.6,920.22,N,Mercuria Energy
LT1214,VYG1214,9567890,Chevron Products,2022-03-24 04:00,2022-03-24 07:00,53.3,58.6,5.3,Demurrage,42867.41,9466.55,N,Chevron Products
LT1215,VYG1215,9567890,Trafigura,2022-04-13 05:00,2022-04-13 10:00,37.2,12.0,-25.2,Despatch,22919.59,12032.78,N,Trafigura
LT1216,VYG1216,9567890,Castleton Commodities,2022-05-12 01:00,2022-05-12 03:00,56.8,65.9,9.1,Demurrage,44567.75,,Y,Castleton Commodities
LT1217,VYG1217,9567890,Litasco,2022-06-04 01:00,2022-06-04 02:00,53.4,43.4,-10.0,Despatch,33623.21,7004.84,N,Litasco
LT1218,VYG1218,9567890,Saudi Aramco Trading,2022-07-05 07:00,2022-07-05 09:00,53.0,59.1,6.1,Demurrage,33788.52,8587.92,N,Saudi Aramco Trading
LT1219,VYG1219,9567890,Equinor Trading,2022-08-17 03:00,2022-08-17 08:00,43.9,52.7,8.8,Demurrage,38215.33,14012.29,N,Equinor Trading
LT1220,VYG1220,9567890,Saudi Aramco Trading,2022-09-16 02:00,2022-09-16 06:00,41.7,65.6,23.9,Demurrage,36386.0,,Y,Saudi Aramco Trading
LT1221,VYG1221,9567890,Vitol Group,2022-10-10 01:00,2022-10-10 04:00,59.0,53.4,-5.6,Despatch,41672.58,4861.8,N,Vitol Group
LT1222,VYG1222,9567890,Vitol Group,2022-11-09 02:00,2022-11-09 04:00,44.2,37.7,-6.5,Despatch,30252.25,4096.66,N,Vitol Group
LT1223,VYG1223,9567890,Freepoint Commodities,2022-12-16 01:00,2022-12-16 05:00,51.1,31.9,-19.2,Despatch,39923.4,15969.36,N,Freepoint Commodities
LT1224,VYG1224,9567890,Castleton Commodities,2023-01-18 07:00,2023-01-18 08:00,47.1,40.8,-6.3,Despatch,22154.18,2907.74,N,Castleton Commodities
LT1225,VYG1225,9567890,Litasco,2023-02-20 05:00,2023-02-20 09:00,42.3,83.5,41.2,Demurrage,22529.52,,Y,Litasco
LT1226,VYG1226,9567890,Freepoint Commodities,2023-04-07 04:00,2023-04-07 06:00,39.8,41.0,1.2,Demurrage,34860.99,1743.05,N,Freepoint Commodities
LT1227,VYG1227,9567890,Gunvor Group,2023-05-12 01:00,2023-05-12 04:00,59.5,62.6,3.1,Demurrage,31586.16,4079.88,N,Gunvor Group
LT1228,VYG1228,9567890,Equinor Trading,2023-06-21 06:00,2023-06-21 08:00,44.7,37.0,-7.7,Despatch,36740.46,5893.78,N,Equinor Trading
LT1229,VYG1229,9567890,Chevron Products,2023-07-29 04:00,2023-07-29 09:00,52.9,87.0,34.1,Demurrage,44180.56,62773.21,N,Chevron Products
LT1230,VYG1230,9567890,Gunvor Group,2023-09-01 03:00,2023-09-01 05:00,54.8,88.1,33.3,Demurrage,24018.19,33325.24,N,Gunvor Group
LT1231,VYG1231,9567890,Equinor Trading,2023-09-28 06:00,2023-09-28 09:00,45.8,45.5,-0.3,Despatch,32049.58,,Y,Equinor Trading
LT1232,VYG1232,9567890,Freepoint Commodities,2023-10-19 02:00,2023-10-19 04:00,59.6,56.5,-3.1,Despatch,37347.63,,Y,Freepoint Commodities
LT1233,VYG1233,9567890,Shell Trading,2023-12-03 02:00,2023-12-03 05:00,53.7,84.0,30.3,Demurrage,34151.59,43116.38,N,Shell Trading
LT1234,VYG1234,9567890,BP Oil International,2023-12-28 05:00,2023-12-28 09:00,57.9,19.7,-38.2,Despatch,33885.74,26967.4,N,BP Oil International
LT1235,VYG1235,9567890,ExxonMobil Oil,2024-01-25 01:00,2024-01-25 06:00,55.6,53.6,-2.0,Despatch,30697.63,1279.07,N,ExxonMobil Oil
LT1236,VYG1236,9567890,Gunvor Group,2024-02-27 03:00,2024-02-27 06:00,50.6,40.2,-10.4,Despatch,43949.15,9522.32,N,Gunvor Group
LT1237,VYG1237,9567890,Vitol Group,2024-03-26 03:00,2024-03-26 07:00,48.2,42.6,-5.6,Despatch,40305.84,4702.35,N,Vitol Group
LT1238,VYG1238,9567890,Mercuria Energy,2024-05-05 06:00,2024-05-05 10:00,39.6,29.5,-10.1,Despatch,26062.24,5483.93,N,Mercuria Energy
LT1239,VYG1239,9567890,Litasco,2024-06-01 07:00,2024-06-01 08:00,54.9,54.3,-0.6,Despatch,23813.05,,Y,Litasco
LT1240,VYG1240,9567890,Glencore Energy,2024-07-03 07:00,2024-07-03 12:00,51.7,45.3,-6.4,Despatch,29752.09,3966.95,N,Glencore Energy
LT1241,VYG1241,9567890,Mercuria Energy,2024-08-06 03:00,2024-08-06 06:00,51.4,45.0,-6.4,Despatch,33299.64,4439.95,N,Mercuria Energy
LT1242,VYG1242,9567890,Chevron Products,2024-09-11 04:00,2024-09-11 09:00,49.1,55.3,6.2,Demurrage,34195.62,8833.87,N,Chevron Products
LT1243,VYG1243,9567890,Chevron Products,2024-10-13 01:00,2024-10-13 02:00,51.1,69.6,18.5,Demurrage,37097.08,28595.67,N,Chevron Products
LT1244,VYG1244,9567890,Equinor Trading,2024-11-16 03:00,2024-11-16 07:00,39.8,33.6,-6.2,Despatch,43046.62,5560.19,N,Equinor Trading
LT1245,VYG1245,9567890,ExxonMobil Oil,2024-12-19 06:00,2024-12-19 10:00,57.0,81.7,24.7,Demurrage,34228.67,35227.01,N,ExxonMobil Oil
LT1246,VYG1246,9578901,Castleton Commodities,2022-01-04 06:00,2022-01-04 09:00,47.9,31.5,-16.4,Despatch,38118.88,13023.95,N,Castleton Commodities
LT1247,VYG1247,9578901,BP Oil International,2022-02-01 03:00,2022-02-01 08:00,56.3,72.9,16.6,Demurrage,36859.82,25494.71,N,BP Oil International
LT1248,VYG1248,9578901,ExxonMobil Oil,2022-03-06 06:00,2022-03-06 10:00,50.7,28.7,-22.0,Despatch,24365.21,11167.39,N,ExxonMobil Oil
LT1249,VYG1249,9578901,Vitol Group,2022-04-07 01:00,2022-04-07 04:00,51.5,34.1,-17.4,Despatch,33862.64,12275.21,N,Vitol Group
LT1250,VYG1250,9578901,Mercuria Energy,2022-05-01 04:00,2022-05-01 07:00,52.2,34.3,-17.9,Despatch,34092.09,12713.51,N,Mercuria Energy
LT1251,VYG1251,9578901,Litasco,2022-05-26 05:00,2022-05-26 09:00,56.4,55.6,-0.8,Despatch,29351.72,,Y,Litasco
LT1252,VYG1252,9578901,Trafigura,2022-07-06 07:00,2022-07-06 08:00,58.2,57.8,-0.4,Despatch,37769.17,314.74,N,Trafigura
LT1253,VYG1253,9578901,Castleton Commodities,2022-07-30 07:00,2022-07-30 11:00,39.6,30.8,-8.8,Despatch,44600.0,,Y,Castleton Commodities
LT1254,VYG1254,9578901,Chevron Products,2022-09-08 07:00,2022-09-08 08:00,47.8,42.5,-5.3,Despatch,31995.84,3532.87,N,Chevron Products
LT1255,VYG1255,9578901,Chevron Products,2022-10-20 07:00,2022-10-20 09:00,36.9,47.9,11.0,Demurrage,22064.25,10112.78,N,Chevron Products
LT1256,VYG1256,9578901,Castleton Commodities,2022-11-24 05:00,2022-11-24 08:00,48.4,24.5,-23.9,Despatch,22642.49,11274.07,N,Castleton Commodities
LT1257,VYG1257,9578901,Chevron Products,2022-12-19 04:00,2022-12-19 07:00,41.8,52.2,10.4,Demurrage,31909.28,13827.35,N,Chevron Products
LT1258,VYG1258,9578901,Gunvor Group,2023-01-07 05:00,2023-01-07 10:00,52.7,25.7,-27.0,Despatch,32029.79,18016.76,N,Gunvor Group
LT1259,VYG1259,9578901,Glencore Energy,2023-02-11 05:00,2023-02-11 10:00,47.8,59.9,12.1,Demurrage,26838.51,13531.08,N,Glencore Energy
LT1260,VYG1260,9578901,Freepoint Commodities,2023-03-18 04:00,2023-03-18 09:00,39.2,64.4,25.2,Demurrage,37156.97,39014.82,N,Freepoint Commodities
LT1261,VYG1261,9578901,Litasco,2023-04-18 07:00,2023-04-18 08:00,58.3,91.6,33.3,Demurrage,35060.52,48646.48,N,Litasco
LT1262,VYG1262,9578901,TotalEnergies Trading,2023-05-23 07:00,2023-05-23 08:00,51.6,62.1,10.5,Demurrage,42796.15,18723.31,N,TotalEnergies Trading
LT1263,VYG1263,9578901,BP Oil International,2023-06-23 07:00,2023-06-23 11:00,43.3,31.0,-12.3,Despatch,42893.57,,Y,BP Oil International
LT1264,VYG1264,9578901,Equinor Trading,2023-07-22 07:00,2023-07-22 10:00,49.3,53.6,4.3,Demurrage,39538.86,7084.05,N,Equinor Trading
LT1265,VYG1265,9578901,Freepoint Commodities,2023-09-03 05:00,2023-09-03 07:00,42.6,43.3,0.7,Demurrage,40952.86,1194.46,N,Freepoint Commodities
LT1266,VYG1266,9578901,Equinor Trading,2023-10-12 05:00,2023-10-12 10:00,47.7,53.9,6.2,Demurrage,29942.68,7735.19,N,Equinor Trading
LT1267,VYG1267,9578901,Castleton Commodities,2023-11-23 04:00,2023-11-23 05:00,43.3,34.7,-8.6,Despatch,37104.39,6647.87,N,Castleton Commodities
LT1268,VYG1268,9578901,ExxonMobil Oil,2023-12-31 03:00,2023-12-31 07:00,39.9,29.2,-10.7,Despatch,25684.23,5725.44,N,ExxonMobil Oil
LT1269,VYG1269,9578901,BP Oil International,2024-01-28 02:00,2024-01-28 06:00,54.6,66.6,12.0,Demurrage,36377.0,18188.5,N,BP Oil International
LT1270,VYG1270,9578901,Equinor Trading,2024-03-02 04:00,2024-03-02 05:00,45.4,42.2,-3.2,Despatch,22549.84,1503.32,N,Equinor Trading
LT1271,VYG1271,9578901,Mercuria Energy,2024-03-27 02:00,2024-03-27 06:00,55.3,38.3,-17.0,Despatch,24478.45,8669.45,N,Mercuria Energy
LT1272,VYG1272,9578901,Chevron Products,2024-04-19 07:00,2024-04-19 09:00,47.4,29.9,-17.5,Despatch,23347.41,8512.08,N,Chevron Products
LT1273,VYG1273,9578901,Freepoint Commodities,2024-06-01 03:00,2024-06-01 07:00,58.7,79.0,20.3,Demurrage,44100.26,37301.47,N,Freepoint Commodities
LT1274,VYG1274,9578901,Shell Trading,2024-06-22 05:00,2024-06-22 10:00,37.4,44.4,7.0,Demurrage,29066.29,8477.67,N,Shell Trading
LT1275,VYG1275,9578901,Vitol Group,2024-07-11 05:00,2024-07-11 10:00,41.2,80.7,39.5,Demurrage,28574.72,47029.22,N,Vitol Group
LT1276,VYG1276,9578901,Saudi Aramco Trading,2024-08-03 01:00,2024-08-03 04:00,42.3,43.3,1.0,Demurrage,23990.99,999.62,N,Saudi Aramco Trading
LT1277,VYG1277,9578901,Vitol Group,2024-09-01 05:00,2024-09-01 10:00,39.7,56.4,16.7,Demurrage,26745.13,,Y,Vitol Group
LT1278,VYG1278,9578901,ExxonMobil Oil,2024-09-25 03:00,2024-09-25 05:00,54.4,30.1,-24.3,Despatch,43495.9,22019.8,N,ExxonMobil Oil
LT1279,VYG1279,9578901,Vitol Group,2024-10-20 06:00,2024-10-20 09:00,39.2,42.6,3.4,Demurrage,41793.03,5920.68,N,Vitol Group
LT1280,VYG1280,9578901,Freepoint Commodities,2024-11-27 01:00,2024-11-27 03:00,40.8,38.9,-1.9,Despatch,32388.5,1282.04,N,Freepoint Commodities
LT1281,VYG1281,9578901,Freepoint Commodities,2024-12-22 04:00,2024-12-22 07:00,47.1,55.8,8.7,Demurrage,39673.21,14381.54,N,Freepoint Commodities
LT1282,VYG1282,9590000,Glencore Energy,2022-01-07 03:00,2022-01-07 04:00,75.5,78.5,3.0,Demurrage,35054.79,,Y,Glencore Energy
LT1283,VYG1283,9590000,TotalEnergies Trading,2022-02-05 02:00,2022-02-05 05:00,65.9,51.1,-14.8,Despatch,64477.83,19880.66,N,TotalEnergies Trading
LT1284,VYG1284,9590000,BP Oil International,2022-03-01 05:00,2022-03-01 08:00,95.8,91.8,-4.0,Despatch,40804.03,3400.34,N,BP Oil International
LT1285,VYG1285,9590000,Glencore Energy,2022-03-23 07:00,2022-03-23 12:00,92.2,61.7,-30.5,Despatch,56213.86,35719.22,N,Glencore Energy
LT1286,VYG1286,9590000,TotalEnergies Trading,2022-04-26 01:00,2022-04-26 06:00,81.4,90.3,8.9,Demurrage,69041.86,,Y,TotalEnergies Trading
LT1287,VYG1287,9590000,Saudi Aramco Trading,2022-05-22 06:00,2022-05-22 07:00,90.9,67.8,-23.1,Despatch,74109.73,35665.31,N,Saudi Aramco Trading
LT1288,VYG1288,9590000,Equinor Trading,2022-06-23 05:00,2022-06-23 09:00,90.4,90.9,0.5,Demurrage,44112.19,919.0,N,Equinor Trading
LT1289,VYG1289,9590000,Equinor Trading,2022-07-23 07:00,2022-07-23 09:00,91.5,117.4,25.9,Demurrage,68930.08,74387.05,N,Equinor Trading
LT1290,VYG1290,9590000,Litasco,2022-08-30 06:00,2022-08-30 07:00,65.1,93.0,27.9,Demurrage,65711.82,76389.99,N,Litasco
LT1291,VYG1291,9590000,Shell Trading,2022-09-28 02:00,2022-09-28 06:00,93.0,78.6,-14.4,Despatch,70430.38,21129.12,N,Shell Trading
LT1292,VYG1292,9590000,Equinor Trading,2022-10-24 05:00,2022-10-24 07:00,86.4,90.5,4.1,Demurrage,35504.7,6065.39,N,Equinor Trading
LT1293,VYG1293,9590000,Chevron Products,2022-12-03 03:00,2022-12-03 06:00,87.4,90.7,3.3,Demurrage,38479.64,5290.95,N,Chevron Products
LT1294,VYG1294,9590000,Chevron Products,2023-01-10 07:00,2023-01-10 12:00,65.4,55.4,-10.0,Despatch,67999.04,14166.47,N,Chevron Products
LT1295,VYG1295,9590000,Mercuria Energy,2023-02-21 01:00,2023-02-21 05:00,65.5,54.2,-11.3,Despatch,54488.85,,Y,Mercuria Energy
LT1296,VYG1296,9590000,Saudi Aramco Trading,2023-03-18 01:00,2023-03-18 04:00,76.7,91.8,15.1,Demurrage,51567.9,32444.81,N,Saudi Aramco Trading
LT1297,VYG1297,9590000,Freepoint Commodities,2023-04-15 04:00,2023-04-15 05:00,84.0,90.1,6.1,Demurrage,35792.92,9097.37,N,Freepoint Commodities
LT1298,VYG1298,9590000,Mercuria Energy,2023-05-16 05:00,2023-05-16 09:00,87.2,96.9,9.7,Demurrage,58797.9,,Y,Mercuria Energy
LT1299,VYG1299,9590000,Freepoint Commodities,2023-06-20 02:00,2023-06-20 03:00,66.9,64.5,-2.4,Despatch,42657.69,2132.88,N,Freepoint Commodities
LT1300,VYG1300,9590000,Gunvor Group,2023-07-21 07:00,2023-07-21 08:00,76.9,67.9,-9.0,Despatch,37316.16,6996.78,N,Gunvor Group
LT1301,VYG1301,9590000,Gunvor Group,2023-08-19 05:00,2023-08-19 06:00,95.0,108.9,13.9,Demurrage,35860.78,20769.37,N,Gunvor Group
LT1302,VYG1302,9590000,BP Oil International,2023-09-11 05:00,2023-09-11 10:00,77.5,43.3,-34.2,Despatch,59834.75,,Y,BP Oil International
LT1303,VYG1303,9590000,Litasco,2023-10-10 05:00,2023-10-10 07:00,61.6,84.6,23.0,Demurrage,71498.26,68519.17,N,Litasco
LT1304,VYG1304,9590000,Chevron Products,2023-11-07 06:00,2023-11-07 09:00,81.0,88.7,7.7,Demurrage,57437.95,18428.01,N,Chevron Products
LT1305,VYG1305,9590000,Mercuria Energy,2023-12-05 06:00,2023-12-05 09:00,72.6,56.8,-15.8,Despatch,40887.47,,Y,Mercuria Energy
LT1306,VYG1306,9590000,Freepoint Commodities,2024-01-16 06:00,2024-01-16 09:00,86.5,78.9,-7.6,Despatch,40643.1,,Y,Freepoint Commodities
LT1307,VYG1307,9590000,Gunvor Group,2024-02-20 04:00,2024-02-20 07:00,85.1,63.4,-21.7,Despatch,69573.52,31453.03,N,Gunvor Group
LT1308,VYG1308,9590000,TotalEnergies Trading,2024-03-20 07:00,2024-03-20 08:00,60.6,66.9,6.3,Demurrage,62736.13,16468.23,N,TotalEnergies Trading
LT1309,VYG1309,9590000,Gunvor Group,2024-04-23 04:00,2024-04-23 06:00,77.3,83.1,5.8,Demurrage,72017.26,17404.17,N,Gunvor Group
LT1310,VYG1310,9590000,Chevron Products,2024-06-04 02:00,2024-06-04 06:00,76.2,80.0,3.8,Demurrage,67344.78,10662.92,N,Chevron Products
LT1311,VYG1311,9590000,Chevron Products,2024-07-12 07:00,2024-07-12 10:00,91.7,96.8,5.1,Demurrage,48032.8,,Y,Chevron Products
LT1312,VYG1312,9590000,Litasco,2024-08-10 03:00,2024-08-10 07:00,66.1,90.8,24.7,Demurrage,35796.68,36840.75,N,Litasco
LT1313,VYG1313,9590000,TotalEnergies Trading,2024-09-14 07:00,2024-09-14 11:00,74.7,59.9,-14.8,Despatch,66617.16,20540.29,N,TotalEnergies Trading
LT1314,VYG1314,9590000,BP Oil International,2024-10-23 04:00,2024-10-23 05:00,67.7,18.8,-48.9,Despatch,51924.41,52897.99,N,BP Oil International
LT1315,VYG1315,9590000,BP Oil International,2024-11-27 06:00,2024-11-27 09:00,92.1,118.6,26.5,Demurrage,46460.95,51300.63,N,BP Oil International
LT1316,VYG1316,9590000,Equinor Trading,2025-01-04 03:00,2025-01-04 04:00,84.5,91.3,6.8,Demurrage,63754.96,,Y,Equinor Trading
LT1317,VYG1317,9591111,Litasco,2022-01-05 01:00,2022-01-05 02:00,91.3,115.1,23.8,Demurrage,55857.32,55391.85,N,Litasco
LT1318,VYG1318,9591111,Castleton Commodities,2022-02-02 06:00,2022-02-02 08:00,94.9,102.9,8.0,Demurrage,69409.88,23136.63,N,Castleton Commodities
LT1319,VYG1319,9591111,ExxonMobil Oil,2022-02-27 02:00,2022-02-27 06:00,62.5,30.7,-31.8,Despatch,35126.32,23271.19,N,ExxonMobil Oil
LT1320,VYG1320,9591111,Equinor Trading,2022-03-24 04:00,2022-03-24 09:00,81.0,98.1,17.1,Demurrage,37620.88,26804.88,N,Equinor Trading
LT1321,VYG1321,9591111,Vitol Group,2022-04-21 04:00,2022-04-21 07:00,70.2,75.7,5.5,Demurrage,36716.74,8414.25,N,Vitol Group
LT1322,VYG1322,9591111,BP Oil International,2022-05-25 06:00,2022-05-25 10:00,88.1,93.9,5.8,Demurrage,58558.55,14151.65,N,BP Oil International
LT1323,VYG1323,9591111,Saudi Aramco Trading,2022-06-28 03:00,2022-06-28 04:00,70.4,92.3,21.9,Demurrage,63163.91,57637.07,N,Saudi Aramco Trading
LT1324,VYG1324,9591111,Chevron Products,2022-07-27 07:00,2022-07-27 08:00,63.1,57.3,-5.8,Despatch,72787.66,,Y,Chevron Products
LT1325,VYG1325,9591111,Vitol Group,2022-09-01 07:00,2022-09-01 08:00,69.6,73.7,4.1,Demurrage,42579.34,7273.97,N,Vitol Group
LT1326,VYG1326,9591111,BP Oil International,2022-09-29 07:00,2022-09-29 12:00,66.5,81.7,15.2,Demurrage,56191.11,,Y,BP Oil International
LT1327,VYG1327,9591111,TotalEnergies Trading,2022-11-06 07:00,2022-11-06 12:00,85.0,101.7,16.7,Demurrage,49869.11,34700.59,N,TotalEnergies Trading
LT1328,VYG1328,9591111,Saudi Aramco Trading,2022-12-03 07:00,2022-12-03 12:00,64.4,86.4,22.0,Demurrage,60153.17,55140.4,N,Saudi Aramco Trading
LT1329,VYG1329,9591111,BP Oil International,2023-01-02 07:00,2023-01-02 08:00,95.8,114.2,18.4,Demurrage,71715.55,54981.92,N,BP Oil International
LT1330,VYG1330,9591111,Shell Trading,2023-01-25 04:00,2023-01-25 08:00,81.0,79.5,-1.5,Despatch,52096.02,,Y,Shell Trading
LT1331,VYG1331,9591111,Chevron Products,2023-02-26 06:00,2023-02-26 11:00,85.8,104.2,18.4,Demurrage,44202.75,33888.78,N,Chevron Products
LT1332,VYG1332,9591111,Trafigura,2023-03-25 05:00,2023-03-25 08:00,65.4,92.8,27.4,Demurrage,49133.75,56094.37,N,Trafigura
LT1333,VYG1333,9591111,TotalEnergies Trading,2023-04-23 05:00,2023-04-23 09:00,73.4,82.9,9.5,Demurrage,64753.93,25631.76,N,TotalEnergies Trading
LT1334,VYG1334,9591111,BP Oil International,2023-05-28 03:00,2023-05-28 07:00,61.1,70.6,9.5,Demurrage,68545.68,,Y,BP Oil International
LT1335,VYG1335,9591111,Chevron Products,2023-06-30 06:00,2023-06-30 07:00,79.8,94.7,14.9,Demurrage,73812.26,,Y,Chevron Products
LT1336,VYG1336,9591111,Freepoint Commodities,2023-07-24 04:00,2023-07-24 06:00,64.9,60.6,-4.3,Despatch,45578.69,4083.09,N,Freepoint Commodities
LT1337,VYG1337,9591111,Gunvor Group,2023-08-14 05:00,2023-08-14 07:00,65.7,52.5,-13.2,Despatch,44793.38,12318.18,N,Gunvor Group
LT1338,VYG1338,9591111,Saudi Aramco Trading,2023-09-21 07:00,2023-09-21 08:00,92.6,70.2,-22.4,Despatch,61164.01,28543.2,N,Saudi Aramco Trading
LT1339,VYG1339,9591111,Gunvor Group,2023-10-18 07:00,2023-10-18 11:00,67.6,63.8,-3.8,Despatch,38307.68,3032.69,N,Gunvor Group
LT1340,VYG1340,9591111,Trafigura,2023-11-12 07:00,2023-11-12 09:00,86.2,73.0,-13.2,Despatch,55289.33,15204.57,N,Trafigura
LT1341,VYG1341,9591111,Glencore Energy,2023-12-06 06:00,2023-12-06 09:00,67.2,87.3,20.1,Demurrage,67897.25,,Y,Glencore Energy
LT1342,VYG1342,9591111,Equinor Trading,2024-01-06 04:00,2024-01-06 08:00,75.6,70.5,-5.1,Despatch,44619.05,4740.77,N,Equinor Trading
LT1343,VYG1343,9591111,Freepoint Commodities,2024-02-01 06:00,2024-02-01 10:00,85.7,92.8,7.1,Demurrage,56826.72,16811.24,N,Freepoint Commodities
LT1344,VYG1344,9591111,Equinor Trading,2024-03-02 03:00,2024-03-02 05:00,88.6,87.7,-0.9,Despatch,68790.7,1289.83,N,Equinor Trading
LT1345,VYG1345,9591111,Chevron Products,2024-03-28 02:00,2024-03-28 06:00,78.6,57.7,-20.9,Despatch,55733.69,24267.38,N,Chevron Products
LT1346,VYG1346,9591111,Trafigura,2024-04-28 01:00,2024-04-28 03:00,60.4,24.6,-35.8,Despatch,39492.26,29454.65,N,Trafigura
LT1347,VYG1347,9591111,Gunvor Group,2024-06-01 02:00,2024-06-01 06:00,89.5,98.5,9.0,Demurrage,40587.95,15220.48,N,Gunvor Group
LT1348,VYG1348,9591111,Chevron Products,2024-07-10 03:00,2024-07-10 07:00,89.3,117.8,28.5,Demurrage,74777.08,88797.79,N,Chevron Products
LT1349,VYG1349,9591111,Chevron Products,2024-08-14 05:00,2024-08-14 10:00,85.0,115.7,30.7,Demurrage,48023.26,61429.75,N,Chevron Products
LT1350,VYG1350,9591111,Castleton Commodities,2024-09-14 04:00,2024-09-14 08:00,84.3,59.4,-24.9,Despatch,39743.24,20616.8,N,Castleton Commodities
LT1351,VYG1351,9591111,Chevron Products,2024-10-12 05:00,2024-10-12 10:00,86.6,85.5,-1.1,Despatch,46292.62,1060.87,N,Chevron Products
LT1352,VYG1352,9591111,Equinor Trading,2024-11-20 04:00,2024-11-20 06:00,86.7,108.1,21.4,Demurrage,52492.73,46806.01,N,Equinor Trading
LT1353,VYG1353,9591111,Saudi Aramco Trading,2024-12-22 01:00,2024-12-22 04:00,64.5,55.5,-9.0,Despatch,49869.98,9350.62,N,Saudi Aramco Trading
LT1354,VYG1354,9592222,Equinor Trading,2022-01-08 05:00,2022-01-08 06:00,48.7,36.3,-12.4,Despatch,44436.54,,Y,Equinor Trading
LT1355,VYG1355,9592222,Gunvor Group,2022-01-30 01:00,2022-01-30 04:00,69.6,53.3,-16.3,Despatch,37597.24,12767.4,N,Gunvor Group
LT1356,VYG1356,9592222,Glencore Energy,2022-03-06 02:00,2022-03-06 07:00,60.7,52.6,-8.1,Despatch,44867.9,7571.46,N,Glencore Energy
LT1357,VYG1357,9592222,Glencore Energy,2022-04-18 05:00,2022-04-18 07:00,48.2,56.6,8.4,Demurrage,31168.25,10908.89,N,Glencore Energy
LT1358,VYG1358,9592222,Saudi Aramco Trading,2022-05-16 07:00,2022-05-16 08:00,48.6,52.3,3.7,Demurrage,33967.57,5236.67,N,Saudi Aramco Trading
LT1359,VYG1359,9592222,Gunvor Group,2022-06-21 02:00,2022-06-21 07:00,69.1,48.1,-21.0,Despatch,44069.76,19280.52,N,Gunvor Group
LT1360,VYG1360,9592222,Castleton Commodities,2022-07-08 07:00,2022-07-08 08:00,70.3,80.8,10.5,Demurrage,26490.24,11589.48,N,Castleton Commodities
LT1361,VYG1361,9592222,TotalEnergies Trading,2022-08-13 05:00,2022-08-13 07:00,60.2,71.9,11.7,Demurrage,26887.78,13107.79,N,TotalEnergies Trading
LT1362,VYG1362,9592222,Saudi Aramco Trading,2022-09-17 07:00,2022-09-17 12:00,71.2,50.3,-20.9,Despatch,44511.93,,Y,Saudi Aramco Trading
LT1363,VYG1363,9592222,Freepoint Commodities,2022-10-19 01:00,2022-10-19 06:00,54.5,64.7,10.2,Demurrage,33649.77,,Y,Freepoint Commodities
LT1364,VYG1364,9592222,ExxonMobil Oil,2022-11-28 04:00,2022-11-28 06:00,51.1,42.4,-8.7,Despatch,27052.61,4903.29,N,ExxonMobil Oil
LT1365,VYG1365,9592222,Gunvor Group,2023-01-06 03:00,2023-01-06 05:00,48.6,60.3,11.7,Demurrage,36492.55,17790.12,N,Gunvor Group
LT1366,VYG1366,9592222,Glencore Energy,2023-01-30 06:00,2023-01-30 08:00,51.6,51.6,0.0,Despatch,27268.14,0.0,N,Glencore Energy
LT1367,VYG1367,9592222,TotalEnergies Trading,2023-02-23 04:00,2023-02-23 09:00,48.0,56.5,8.5,Demurrage,32465.93,,Y,TotalEnergies Trading
LT1368,VYG1368,9592222,Saudi Aramco Trading,2023-03-23 02:00,2023-03-23 05:00,48.0,53.3,5.3,Demurrage,34294.55,,Y,Saudi Aramco Trading
LT1369,VYG1369,9592222,ExxonMobil Oil,2023-04-18 02:00,2023-04-18 06:00,62.7,86.2,23.5,Demurrage,34135.68,33424.52,N,ExxonMobil Oil
LT1370,VYG1370,9592222,Chevron Products,2023-05-26 07:00,2023-05-26 10:00,69.1,58.2,-10.9,Despatch,26714.86,,Y,Chevron Products
LT1371,VYG1371,9592222,Freepoint Commodities,2023-06-26 07:00,2023-06-26 08:00,66.5,73.3,6.8,Demurrage,22472.77,6367.29,N,Freepoint Commodities
LT1372,VYG1372,9592222,Shell Trading,2023-07-20 01:00,2023-07-20 03:00,54.6,61.6,7.0,Demurrage,39224.55,11440.49,N,Shell Trading
LT1373,VYG1373,9592222,Equinor Trading,2023-08-13 04:00,2023-08-13 08:00,58.1,66.4,8.3,Demurrage,40260.22,13923.32,N,Equinor Trading
LT1374,VYG1374,9592222,Vitol Group,2023-09-15 06:00,2023-09-15 11:00,59.7,78.6,18.9,Demurrage,43396.57,34174.8,N,Vitol Group
LT1375,VYG1375,9592222,Castleton Commodities,2023-10-17 07:00,2023-10-17 08:00,51.6,30.4,-21.2,Despatch,37774.3,16683.65,N,Castleton Commodities
LT1376,VYG1376,9592222,Equinor Trading,2023-11-22 01:00,2023-11-22 03:00,71.4,100.1,28.7,Demurrage,34994.21,,Y,Equinor Trading
LT1377,VYG1377,9592222,TotalEnergies Trading,2023-12-29 04:00,2023-12-29 07:00,61.9,61.4,-0.5,Despatch,41441.99,431.69,N,TotalEnergies Trading
LT1378,VYG1378,9592222,Freepoint Commodities,2024-02-05 07:00,2024-02-05 09:00,50.5,47.4,-3.1,Despatch,33294.07,2150.24,N,Freepoint Commodities
LT1379,VYG1379,9592222,Freepoint Commodities,2024-03-04 06:00,2024-03-04 07:00,54.9,82.6,27.7,Demurrage,29483.18,34028.5,N,Freepoint Commodities
LT1380,VYG1380,9592222,Trafigura,2024-03-27 05:00,2024-03-27 10:00,65.5,79.8,14.3,Demurrage,22133.26,13187.74,N,Trafigura
LT1381,VYG1381,9592222,Equinor Trading,2024-04-29 06:00,2024-04-29 07:00,63.8,88.6,24.8,Demurrage,39968.37,,Y,Equinor Trading
LT1382,VYG1382,9592222,BP Oil International,2024-06-09 04:00,2024-06-09 05:00,61.1,62.8,1.7,Demurrage,29259.4,,Y,BP Oil International
LT1383,VYG1383,9592222,Castleton Commodities,2024-07-18 04:00,2024-07-18 05:00,69.3,73.6,4.3,Demurrage,35360.04,6335.34,N,Castleton Commodities
LT1384,VYG1384,9592222,Saudi Aramco Trading,2024-08-21 07:00,2024-08-21 11:00,52.4,67.5,15.1,Demurrage,29609.34,18629.21,N,Saudi Aramco Trading
LT1385,VYG1385,9592222,Gunvor Group,2024-09-29 02:00,2024-09-29 05:00,68.1,87.2,19.1,Demurrage,25354.17,20177.7,N,Gunvor Group
LT1386,VYG1386,9592222,Freepoint Commodities,2024-10-26 04:00,2024-10-26 08:00,49.3,70.5,21.2,Demurrage,38153.19,33701.98,N,Freepoint Commodities
LT1387,VYG1387,9592222,Shell Trading,2024-11-27 02:00,2024-11-27 04:00,57.8,67.3,9.5,Demurrage,35066.18,13880.36,N,Shell Trading
LT1388,VYG1388,9592222,Glencore Energy,2024-12-20 03:00,2024-12-20 04:00,55.9,47.4,-8.5,Despatch,23393.67,4142.63,N,Glencore Energy
LT1389,VYG1389,9593333,Castleton Commodities,2022-01-06 01:00,2022-01-06 06:00,70.1,50.6,-19.5,Despatch,37198.72,,Y,Castleton Commodities
LT1390,VYG1390,9593333,Freepoint Commodities,2022-02-03 06:00,2022-02-03 08:00,67.4,62.0,-5.4,Despatch,27321.62,3073.68,N,Freepoint Commodities
LT1391,VYG1391,9593333,BP Oil International,2022-03-04 02:00,2022-03-04 05:00,61.1,90.5,29.4,Demurrage,39969.73,48962.92,N,BP Oil International
LT1392,VYG1392,9593333,Shell Trading,2022-03-27 02:00,2022-03-27 05:00,71.1,70.8,-0.3,Despatch,36233.94,226.46,N,Shell Trading
LT1393,VYG1393,9593333,BP Oil International,2022-04-20 03:00,2022-04-20 07:00,63.7,22.4,-41.3,Despatch,34879.88,30011.23,N,BP Oil International
LT1394,VYG1394,9593333,ExxonMobil Oil,2022-05-29 06:00,2022-05-29 11:00,57.6,52.4,-5.2,Despatch,35954.19,3895.04,N,ExxonMobil Oil
LT1395,VYG1395,9593333,Trafigura,2022-06-26 01:00,2022-06-26 03:00,48.6,48.4,-0.2,Despatch,34920.02,145.5,N,Trafigura
LT1396,VYG1396,9593333,Vitol Group,2022-07-26 04:00,2022-07-26 09:00,65.7,58.2,-7.5,Despatch,23670.05,3698.44,N,Vitol Group
LT1397,VYG1397,9593333,Saudi Aramco Trading,2022-08-26 06:00,2022-08-26 08:00,54.3,47.9,-6.4,Despatch,24473.53,3263.14,N,Saudi Aramco Trading
LT1398,VYG1398,9593333,Mercuria Energy,2022-09-29 07:00,2022-09-29 11:00,58.9,37.3,-21.6,Despatch,35063.36,15778.51,N,Mercuria Energy
LT1399,VYG1399,9593333,Gunvor Group,2022-11-02 07:00,2022-11-02 09:00,63.5,41.5,-22.0,Despatch,40073.62,,Y,Gunvor Group
LT1400,VYG1400,9593333,Glencore Energy,2022-12-05 05:00,2022-12-05 08:00,67.6,86.2,18.6,Demurrage,29988.12,23240.8,N,Glencore Energy
LT1401,VYG1401,9593333,Glencore Energy,2023-01-01 02:00,2023-01-01 06:00,54.4,55.1,0.7,Demurrage,30612.45,892.86,N,Glencore Energy
LT1402,VYG1402,9593333,TotalEnergies Trading,2023-02-03 04:00,2023-02-03 06:00,59.1,33.3,-25.8,Despatch,31986.82,17192.92,N,TotalEnergies Trading
LT1403,VYG1403,9593333,Freepoint Commodities,2023-03-17 04:00,2023-03-17 09:00,57.7,57.6,-0.1,Despatch,31685.02,66.01,N,Freepoint Commodities
LT1404,VYG1404,9593333,Litasco,2023-04-24 07:00,2023-04-24 08:00,64.2,50.3,-13.9,Despatch,27544.04,,Y,Litasco
LT1405,VYG1405,9593333,BP Oil International,2023-05-20 06:00,2023-05-20 08:00,66.3,58.7,-7.6,Despatch,34348.12,5438.45,N,BP Oil International
LT1406,VYG1406,9593333,Shell Trading,2023-06-25 06:00,2023-06-25 07:00,70.7,59.3,-11.4,Despatch,30011.82,7127.81,N,Shell Trading
LT1407,VYG1407,9593333,Saudi Aramco Trading,2023-08-01 02:00,2023-08-01 05:00,51.3,42.5,-8.8,Despatch,34467.23,6318.99,N,Saudi Aramco Trading
LT1408,VYG1408,9593333,Trafigura,2023-08-29 02:00,2023-08-29 05:00,57.3,92.6,35.3,Demurrage,31204.58,,Y,Trafigura
LT1409,VYG1409,9593333,Trafigura,2023-09-30 01:00,2023-09-30 05:00,49.4,53.5,4.1,Demurrage,22059.31,3768.47,N,Trafigura
LT1410,VYG1410,9593333,Freepoint Commodities,2023-10-31 07:00,2023-10-31 11:00,50.2,50.5,0.3,Demurrage,36182.15,452.28,N,Freepoint Commodities
LT1411,VYG1411,9593333,Mercuria Energy,2023-11-24 06:00,2023-11-24 10:00,56.9,78.8,21.9,Demurrage,25075.5,22881.39,N,Mercuria Energy
LT1412,VYG1412,9593333,Gunvor Group,2023-12-22 02:00,2023-12-22 03:00,59.3,73.2,13.9,Demurrage,40292.54,23336.1,N,Gunvor Group
LT1413,VYG1413,9593333,Gunvor Group,2024-01-19 02:00,2024-01-19 07:00,60.7,58.0,-2.7,Despatch,36185.2,2035.42,N,Gunvor Group
LT1414,VYG1414,9593333,Litasco,2024-02-15 06:00,2024-02-15 07:00,52.6,58.7,6.1,Demurrage,29711.04,7551.56,N,Litasco
LT1415,VYG1415,9593333,Saudi Aramco Trading,2024-03-11 07:00,2024-03-11 12:00,71.9,64.6,-7.3,Despatch,35012.34,,Y,Saudi Aramco Trading
LT1416,VYG1416,9593333,Gunvor Group,2024-04-11 06:00,2024-04-11 08:00,65.2,28.2,-37.0,Despatch,34811.89,26834.17,N,Gunvor Group
LT1417,VYG1417,9593333,TotalEnergies Trading,2024-05-11 04:00,2024-05-11 09:00,56.2,65.2,9.0,Demurrage,25261.38,9473.02,N,TotalEnergies Trading
LT1418,VYG1418,9593333,Litasco,2024-06-09 01:00,2024-06-09 05:00,61.1,52.2,-8.9,Despatch,24602.19,,Y,Litasco
LT1419,VYG1419,9593333,ExxonMobil Oil,2024-07-07 02:00,2024-07-07 03:00,60.2,59.7,-0.5,Despatch,38114.24,397.02,N,ExxonMobil Oil
LT1420,VYG1420,9593333,Gunvor Group,2024-07-27 06:00,2024-07-27 07:00,48.8,47.9,-0.9,Despatch,35920.84,673.52,N,Gunvor Group
LT1421,VYG1421,9593333,Shell Trading,2024-08-20 04:00,2024-08-20 05:00,64.0,77.3,13.3,Demurrage,43616.33,24170.72,N,Shell Trading
LT1422,VYG1422,9593333,Shell Trading,2024-09-08 07:00,2024-09-08 11:00,49.7,66.2,16.5,Demurrage,37583.79,25838.86,N,Shell Trading
LT1423,VYG1423,9593333,Gunvor Group,2024-10-13 02:00,2024-10-13 06:00,65.0,61.2,-3.8,Despatch,44036.96,3486.26,N,Gunvor Group
LT1424,VYG1424,9593333,ExxonMobil Oil,2024-11-14 03:00,2024-11-14 08:00,61.4,47.6,-13.8,Despatch,42708.05,12278.56,N,ExxonMobil Oil
LT1425,VYG1425,9593333,Glencore Energy,2024-12-21 06:00,2024-12-21 10:00,64.0,59.2,-4.8,Despatch,44066.53,4406.65,N,Glencore Energy
LT1426,VYG1426,9594444,Mercuria Energy,2022-01-05 02:00,2022-01-05 04:00,54.0,53.4,-0.6,Despatch,42418.17,530.23,N,Mercuria Energy
LT1427,VYG1427,9594444,Shell Trading,2022-01-30 07:00,2022-01-30 10:00,40.4,29.5,-10.9,Despatch,31947.94,7254.85,N,Shell Trading
LT1428,VYG1428,9594444,Castleton Commodities,2022-02-25 04:00,2022-02-25 08:00,37.3,20.3,-17.0,Despatch,41492.52,14695.27,N,Castleton Commodities
LT1429,VYG1429,9594444,Litasco,2022-03-28 06:00,2022-03-28 11:00,53.6,50.5,-3.1,Despatch,28153.33,,Y,Litasco
LT1430,VYG1430,9594444,Litasco,2022-04-29 05:00,2022-04-29 08:00,44.5,48.1,3.6,Demurrage,38985.46,5847.82,N,Litasco
LT1431,VYG1431,9594444,Freepoint Commodities,2022-06-04 02:00,2022-06-04 03:00,41.4,29.2,-12.2,Despatch,33815.39,8594.75,N,Freepoint Commodities
LT1432,VYG1432,9594444,BP Oil International,2022-06-27 03:00,2022-06-27 06:00,50.1,53.4,3.3,Demurrage,28113.08,3865.55,N,BP Oil International
LT1433,VYG1433,9594444,Saudi Aramco Trading,2022-07-27 04:00,2022-07-27 07:00,43.6,27.9,-15.7,Despatch,36580.72,11964.94,N,Saudi Aramco Trading
LT1434,VYG1434,9594444,Litasco,2022-09-09 06:00,2022-09-09 08:00,58.3,52.8,-5.5,Despatch,42539.33,4874.3,N,Litasco
LT1435,VYG1435,9594444,BP Oil International,2022-10-02 03:00,2022-10-02 06:00,46.8,53.3,6.5,Demurrage,22131.97,,Y,BP Oil International
LT1436,VYG1436,9594444,Shell Trading,2022-11-09 02:00,2022-11-09 07:00,59.5,80.7,21.2,Demurrage,40284.94,35585.03,N,Shell Trading
LT1437,VYG1437,9594444,Equinor Trading,2022-12-13 04:00,2022-12-13 05:00,47.5,65.4,17.9,Demurrage,26613.97,,Y,Equinor Trading
LT1438,VYG1438,9594444,BP Oil International,2023-01-22 06:00,2023-01-22 11:00,55.7,45.4,-10.3,Despatch,27116.63,5818.78,N,BP Oil International
LT1439,VYG1439,9594444,Saudi Aramco Trading,2023-02-14 03:00,2023-02-14 04:00,53.3,41.6,-11.7,Despatch,44461.0,10837.37,N,Saudi Aramco Trading
LT1440,VYG1440,9594444,TotalEnergies Trading,2023-03-19 07:00,2023-03-19 09:00,50.9,85.2,34.3,Demurrage,34943.94,49940.72,N,TotalEnergies Trading
LT1441,VYG1441,9594444,ExxonMobil Oil,2023-04-24 05:00,2023-04-24 09:00,44.7,42.0,-2.7,Despatch,38109.5,2143.66,N,ExxonMobil Oil
LT1442,VYG1442,9594444,Glencore Energy,2023-06-05 05:00,2023-06-05 08:00,42.5,12.0,-30.5,Despatch,44118.72,28033.77,N,Glencore Energy
LT1443,VYG1443,9594444,Freepoint Commodities,2023-07-02 05:00,2023-07-02 08:00,47.0,32.6,-14.4,Despatch,39899.03,11969.71,N,Freepoint Commodities
LT1444,VYG1444,9594444,TotalEnergies Trading,2023-07-31 03:00,2023-07-31 06:00,58.4,105.8,47.4,Demurrage,32717.82,64617.69,N,TotalEnergies Trading
LT1445,VYG1445,9594444,Gunvor Group,2023-09-08 07:00,2023-09-08 08:00,40.3,47.7,7.4,Demurrage,42361.9,13061.59,N,Gunvor Group
LT1446,VYG1446,9594444,Vitol Group,2023-10-10 06:00,2023-10-10 09:00,51.2,62.1,10.9,Demurrage,34439.5,15641.27,N,Vitol Group
LT1447,VYG1447,9594444,Chevron Products,2023-11-05 07:00,2023-11-05 12:00,47.1,35.1,-12.0,Despatch,27815.73,6953.93,N,Chevron Products
LT1448,VYG1448,9594444,Chevron Products,2023-11-27 03:00,2023-11-27 06:00,54.7,52.5,-2.2,Despatch,27590.67,,Y,Chevron Products
LT1449,VYG1449,9594444,Freepoint Commodities,2023-12-27 03:00,2023-12-27 04:00,51.1,59.4,8.3,Demurrage,31732.04,,Y,Freepoint Commodities
LT1450,VYG1450,9594444,Shell Trading,2024-01-18 04:00,2024-01-18 05:00,43.9,34.6,-9.3,Despatch,28313.51,5485.74,N,Shell Trading
LT1451,VYG1451,9594444,Glencore Energy,2024-02-22 03:00,2024-02-22 07:00,57.8,52.0,-5.8,Despatch,27264.67,3294.48,N,Glencore Energy
LT1452,VYG1452,9594444,Equinor Trading,2024-03-15 03:00,2024-03-15 05:00,42.5,32.4,-10.1,Despatch,23550.25,4955.37,N,Equinor Trading
LT1453,VYG1453,9594444,Equinor Trading,2024-04-09 05:00,2024-04-09 07:00,41.1,39.0,-2.1,Despatch,44411.73,1943.01,N,Equinor Trading
LT1454,VYG1454,9594444,BP Oil International,2024-05-16 07:00,2024-05-16 10:00,41.3,34.9,-6.4,Despatch,41174.71,,Y,BP Oil International
LT1455,VYG1455,9594444,Equinor Trading,2024-06-29 03:00,2024-06-29 06:00,57.0,74.5,17.5,Demurrage,25217.39,18387.68,N,Equinor Trading
LT1456,VYG1456,9594444,Gunvor Group,2024-07-18 01:00,2024-07-18 03:00,48.3,28.5,-19.8,Despatch,22937.23,9461.61,N,Gunvor Group
LT1457,VYG1457,9594444,Glencore Energy,2024-08-10 07:00,2024-08-10 10:00,49.9,58.1,8.2,Demurrage,38978.17,13317.54,N,Glencore Energy
LT1458,VYG1458,9594444,Gunvor Group,2024-09-14 06:00,2024-09-14 07:00,60.0,68.5,8.5,Demurrage,26886.08,9522.15,N,Gunvor Group
LT1459,VYG1459,9594444,Equinor Trading,2024-10-22 02:00,2024-10-22 05:00,56.7,80.8,24.1,Demurrage,31862.7,31995.46,N,Equinor Trading
LT1460,VYG1460,9594444,Trafigura,2024-11-26 07:00,2024-11-26 08:00,49.9,91.9,42.0,Demurrage,32261.61,56457.82,N,Trafigura
LT1461,VYG1461,9594444,Freepoint Commodities,2024-12-22 05:00,2024-12-22 10:00,52.0,49.2,-2.8,Despatch,41520.84,2422.05,N,Freepoint Commodities
LT1462,VYG1462,9595555,Vitol Group,2022-01-04 02:00,2022-01-04 04:00,57.5,43.2,-14.3,Despatch,33509.57,9983.06,N,Vitol Group
LT1463,VYG1463,9595555,Equinor Trading,2022-02-01 02:00,2022-02-01 03:00,52.4,57.3,4.9,Demurrage,25191.76,5143.32,N,Equinor Trading
LT1464,VYG1464,9595555,Mercuria Energy,2022-03-07 02:00,2022-03-07 05:00,55.9,76.3,20.4,Demurrage,33332.18,28332.36,N,Mercuria Energy
LT1465,VYG1465,9595555,Chevron Products,2022-04-04 01:00,2022-04-04 02:00,37.8,33.5,-4.3,Despatch,34239.32,3067.27,N,Chevron Products
LT1466,VYG1466,9595555,Equinor Trading,2022-04-28 03:00,2022-04-28 04:00,44.7,61.1,16.4,Demurrage,24096.78,16466.13,N,Equinor Trading
LT1467,VYG1467,9595555,Freepoint Commodities,2022-05-27 07:00,2022-05-27 08:00,47.3,69.1,21.8,Demurrage,27198.65,24705.44,N,Freepoint Commodities
LT1468,VYG1468,9595555,Litasco,2022-07-06 05:00,2022-07-06 06:00,43.0,47.9,4.9,Demurrage,23916.52,4882.96,N,Litasco
LT1469,VYG1469,9595555,Mercuria Energy,2022-08-09 06:00,2022-08-09 10:00,57.1,59.2,2.1,Demurrage,34413.42,3011.17,N,Mercuria Energy
LT1470,VYG1470,9595555,Gunvor Group,2022-09-06 06:00,2022-09-06 10:00,50.4,68.6,18.2,Demurrage,37753.79,28629.96,N,Gunvor Group
LT1471,VYG1471,9595555,Saudi Aramco Trading,2022-10-10 03:00,2022-10-10 07:00,57.9,68.1,10.2,Demurrage,35889.17,,Y,Saudi Aramco Trading
LT1472,VYG1472,9595555,TotalEnergies Trading,2022-11-07 07:00,2022-11-07 08:00,38.3,34.9,-3.4,Despatch,25505.95,1806.67,N,TotalEnergies Trading
LT1473,VYG1473,9595555,Saudi Aramco Trading,2022-12-03 01:00,2022-12-03 04:00,46.4,36.4,-10.0,Despatch,22064.19,4596.71,N,Saudi Aramco Trading
LT1474,VYG1474,9595555,Saudi Aramco Trading,2022-12-28 03:00,2022-12-28 06:00,47.5,56.6,9.1,Demurrage,41544.52,15752.3,N,Saudi Aramco Trading
LT1475,VYG1475,9595555,Litasco,2023-01-17 06:00,2023-01-17 09:00,39.4,31.9,-7.5,Despatch,26929.53,4207.74,N,Litasco
LT1476,VYG1476,9595555,TotalEnergies Trading,2023-02-21 03:00,2023-02-21 08:00,58.7,52.3,-6.4,Despatch,39697.42,5292.99,N,TotalEnergies Trading
LT1477,VYG1477,9595555,Castleton Commodities,2023-03-27 07:00,2023-03-27 12:00,47.8,54.0,6.2,Demurrage,26247.21,6780.53,N,Castleton Commodities
LT1478,VYG1478,9595555,Chevron Products,2023-05-04 04:00,2023-05-04 05:00,36.1,39.8,3.7,Demurrage,39335.24,6064.18,N,Chevron Products
LT1479,VYG1479,9595555,Litasco,2023-06-11 05:00,2023-06-11 06:00,54.1,54.8,0.7,Demurrage,44835.31,1307.7,N,Litasco
LT1480,VYG1480,9595555,Gunvor Group,2023-07-02 06:00,2023-07-02 11:00,46.0,42.1,-3.9,Despatch,35653.66,2896.86,N,Gunvor Group
LT1481,VYG1481,9595555,Glencore Energy,2023-08-01 04:00,2023-08-01 05:00,41.8,56.3,14.5,Demurrage,33413.64,20187.41,N,Glencore Energy
LT1482,VYG1482,9595555,ExxonMobil Oil,2023-08-28 07:00,2023-08-28 09:00,46.0,54.1,8.1,Demurrage,36557.09,12338.02,N,ExxonMobil Oil
LT1483,VYG1483,9595555,Chevron Products,2023-09-16 03:00,2023-09-16 05:00,45.9,28.0,-17.9,Despatch,44235.11,16496.01,N,Chevron Products
LT1484,VYG1484,9595555,TotalEnergies Trading,2023-10-18 03:00,2023-10-18 05:00,47.9,42.7,-5.2,Despatch,30990.14,3357.26,N,TotalEnergies Trading
LT1485,VYG1485,9595555,Vitol Group,2023-11-24 01:00,2023-11-24 03:00,48.7,47.0,-1.7,Despatch,26886.32,952.22,N,Vitol Group
LT1486,VYG1486,9595555,TotalEnergies Trading,2023-12-18 01:00,2023-12-18 02:00,55.9,63.5,7.6,Demurrage,27520.31,8714.76,N,TotalEnergies Trading
LT1487,VYG1487,9595555,Freepoint Commodities,2024-01-15 03:00,2024-01-15 07:00,59.2,43.3,-15.9,Despatch,32053.73,10617.8,N,Freepoint Commodities
LT1488,VYG1488,9595555,Saudi Aramco Trading,2024-02-18 06:00,2024-02-18 08:00,41.5,25.6,-15.9,Despatch,39783.68,13178.34,N,Saudi Aramco Trading
LT1489,VYG1489,9595555,Gunvor Group,2024-03-18 05:00,2024-03-18 07:00,48.2,44.7,-3.5,Despatch,42729.19,3115.67,N,Gunvor Group
LT1490,VYG1490,9595555,Saudi Aramco Trading,2024-04-23 07:00,2024-04-23 12:00,54.2,61.8,7.6,Demurrage,29127.24,,Y,Saudi Aramco Trading
LT1491,VYG1491,9595555,Vitol Group,2024-05-21 07:00,2024-05-21 08:00,55.4,54.8,-0.6,Despatch,42180.47,527.26,N,Vitol Group
LT1492,VYG1492,9595555,Vitol Group,2024-07-03 05:00,2024-07-03 07:00,57.3,75.1,17.8,Demurrage,42120.53,,Y,Vitol Group
LT1493,VYG1493,9595555,Litasco,2024-08-15 05:00,2024-08-15 08:00,59.5,55.2,-4.3,Despatch,39487.85,3537.45,N,Litasco
LT1494,VYG1494,9595555,Saudi Aramco Trading,2024-09-09 04:00,2024-09-09 06:00,43.8,51.0,7.2,Demurrage,37773.87,11332.16,N,Saudi Aramco Trading
LT1495,VYG1495,9595555,Castleton Commodities,2024-10-10 01:00,2024-10-10 06:00,36.1,27.4,-8.7,Despatch,28523.61,,Y,Castleton Commodities
LT1496,VYG1496,9595555,Shell Trading,2024-10-31 02:00,2024-10-31 03:00,38.0,61.3,23.3,Demurrage,41748.11,40530.46,N,Shell Trading
LT1497,VYG1497,9595555,ExxonMobil Oil,2024-12-05 05:00,2024-12-05 07:00,39.3,68.6,29.3,Demurrage,30288.96,36977.77,N,ExxonMobil Oil
LT1498,VYG1498,9595555,Freepoint Commodities,2025-01-02 06:00,2025-01-02 09:00,54.3,60.9,6.6,Demurrage,24329.93,,Y,Freepoint Commodities
LT1499,VYG1499,9596666,TotalEnergies Trading,2022-01-06 07:00,2022-01-06 09:00,87.5,101.6,14.1,Demurrage,37382.84,,Y,TotalEnergies Trading
LT1500,VYG1500,9596666,Vitol Group,2022-02-03 07:00,2022-02-03 10:00,81.5,75.4,-6.1,Despatch,61024.79,7755.23,N,Vitol Group
LT1501,VYG1501,9596666,ExxonMobil Oil,2022-03-16 07:00,2022-03-16 10:00,92.0,109.4,17.4,Demurrage,62101.72,45023.75,N,ExxonMobil Oil
LT1502,VYG1502,9596666,Gunvor Group,2022-04-16 06:00,2022-04-16 09:00,93.5,103.0,9.5,Demurrage,57329.28,22692.84,N,Gunvor Group
LT1503,VYG1503,9596666,Shell Trading,2022-05-22 05:00,2022-05-22 09:00,69.8,107.1,37.3,Demurrage,71454.1,111051.58,N,Shell Trading
LT1504,VYG1504,9596666,Equinor Trading,2022-06-23 07:00,2022-06-23 09:00,60.0,60.6,0.6,Demurrage,69774.53,1744.36,N,Equinor Trading
LT1505,VYG1505,9596666,ExxonMobil Oil,2022-08-01 04:00,2022-08-01 08:00,63.4,77.2,13.8,Demurrage,45861.25,26370.22,N,ExxonMobil Oil
LT1506,VYG1506,9596666,Saudi Aramco Trading,2022-09-09 07:00,2022-09-09 10:00,64.4,70.7,6.3,Demurrage,59995.37,15748.78,N,Saudi Aramco Trading
LT1507,VYG1507,9596666,Castleton Commodities,2022-10-01 01:00,2022-10-01 06:00,93.4,68.7,-24.7,Despatch,35773.97,,Y,Castleton Commodities
LT1508,VYG1508,9596666,TotalEnergies Trading,2022-10-27 02:00,2022-10-27 04:00,66.7,80.8,14.1,Demurrage,69614.89,40898.75,N,TotalEnergies Trading
LT1509,VYG1509,9596666,Chevron Products,2022-12-02 01:00,2022-12-02 06:00,86.8,65.6,-21.2,Despatch,50859.96,22463.15,N,Chevron Products
LT1510,VYG1510,9596666,Equinor Trading,2023-01-06 01:00,2023-01-06 03:00,86.2,83.5,-2.7,Despatch,72047.24,4052.66,N,Equinor Trading
LT1511,VYG1511,9596666,Freepoint Commodities,2023-02-03 02:00,2023-02-03 06:00,85.7,61.9,-23.8,Despatch,50505.35,25042.23,N,Freepoint Commodities
LT1512,VYG1512,9596666,Glencore Energy,2023-03-17 07:00,2023-03-17 10:00,89.1,70.8,-18.3,Despatch,43892.7,16734.09,N,Glencore Energy
LT1513,VYG1513,9596666,ExxonMobil Oil,2023-04-08 04:00,2023-04-08 08:00,92.1,101.6,9.5,Demurrage,62479.91,24731.63,N,ExxonMobil Oil
LT1514,VYG1514,9596666,Litasco,2023-05-13 05:00,2023-05-13 07:00,65.8,70.0,4.2,Demurrage,51794.98,9064.12,N,Litasco
LT1515,VYG1515,9596666,TotalEnergies Trading,2023-06-19 02:00,2023-06-19 04:00,87.2,71.8,-15.4,Despatch,50914.42,16335.04,N,TotalEnergies Trading
LT1516,VYG1516,9596666,Saudi Aramco Trading,2023-07-15 05:00,2023-07-15 09:00,64.5,60.4,-4.1,Despatch,66273.09,5660.83,N,Saudi Aramco Trading
LT1517,VYG1517,9596666,TotalEnergies Trading,2023-08-16 02:00,2023-08-16 07:00,73.8,67.0,-6.8,Despatch,50230.01,7115.92,N,TotalEnergies Trading
LT1518,VYG1518,9596666,Shell Trading,2023-09-08 05:00,2023-09-08 07:00,83.5,100.5,17.0,Demurrage,58847.28,41683.49,N,Shell Trading
LT1519,VYG1519,9596666,Glencore Energy,2023-10-04 01:00,2023-10-04 03:00,86.1,95.8,9.7,Demurrage,48967.59,19791.07,N,Glencore Energy
LT1520,VYG1520,9596666,Trafigura,2023-11-07 07:00,2023-11-07 10:00,62.0,63.1,1.1,Demurrage,49768.99,2281.08,N,Trafigura
LT1521,VYG1521,9596666,ExxonMobil Oil,2023-12-10 02:00,2023-12-10 07:00,84.9,87.1,2.2,Demurrage,43670.86,4003.16,N,ExxonMobil Oil
LT1522,VYG1522,9596666,Mercuria Energy,2023-12-28 03:00,2023-12-28 06:00,78.4,76.7,-1.7,Despatch,74182.98,2627.31,N,Mercuria Energy
LT1523,VYG1523,9596666,Litasco,2024-02-06 03:00,2024-02-06 05:00,80.2,91.3,11.1,Demurrage,49264.88,22785.01,N,Litasco
LT1524,VYG1524,9596666,Chevron Products,2024-03-11 01:00,2024-03-11 03:00,66.3,77.6,11.3,Demurrage,54244.35,25540.05,N,Chevron Products
LT1525,VYG1525,9596666,TotalEnergies Trading,2024-04-07 03:00,2024-04-07 08:00,82.8,88.9,6.1,Demurrage,38327.8,9741.65,N,TotalEnergies Trading
LT1526,VYG1526,9596666,Mercuria Energy,2024-05-16 04:00,2024-05-16 06:00,70.0,54.8,-15.2,Despatch,68968.91,21840.16,N,Mercuria Energy
LT1527,VYG1527,9596666,Glencore Energy,2024-06-07 06:00,2024-06-07 11:00,85.9,89.9,4.0,Demurrage,48630.61,8105.1,N,Glencore Energy
LT1528,VYG1528,9596666,Saudi Aramco Trading,2024-07-05 01:00,2024-07-05 02:00,70.9,95.0,24.1,Demurrage,73876.98,74184.8,N,Saudi Aramco Trading
LT1529,VYG1529,9596666,BP Oil International,2024-08-04 06:00,2024-08-04 07:00,88.3,100.3,12.0,Demurrage,65944.61,32972.31,N,BP Oil International
LT1530,VYG1530,9596666,Chevron Products,2024-08-27 06:00,2024-08-27 09:00,60.5,44.1,-16.4,Despatch,67504.27,23063.96,N,Chevron Products
LT1531,VYG1531,9596666,Freepoint Commodities,2024-09-17 07:00,2024-09-17 09:00,86.5,100.9,14.4,Demurrage,71564.45,42938.67,N,Freepoint Commodities
LT1532,VYG1532,9596666,Litasco,2024-10-16 06:00,2024-10-16 07:00,61.1,35.9,-25.2,Despatch,68399.18,35909.57,N,Litasco
LT1533,VYG1533,9596666,Glencore Energy,2024-11-08 01:00,2024-11-08 06:00,74.6,73.5,-1.1,Despatch,68301.73,1565.25,N,Glencore Energy
LT1534,VYG1534,9596666,Equinor Trading,2024-12-13 03:00,2024-12-13 06:00,65.0,75.6,10.6,Demurrage,56530.5,24967.64,N,Equinor Trading
LT1535,VYG1535,9597777,ExxonMobil Oil,2022-01-06 03:00,2022-01-06 08:00,70.4,54.1,-16.3,Despatch,31019.61,10533.74,N,ExxonMobil Oil
LT1536,VYG1536,9597777,Trafigura,2022-02-05 01:00,2022-02-05 02:00,57.8,46.2,-11.6,Despatch,41282.31,,Y,Trafigura
LT1537,VYG1537,9597777,Shell Trading,2022-03-01 01:00,2022-03-01 04:00,67.8,62.1,-5.7,Despatch,24317.18,,Y,Shell Trading
LT1538,VYG1538,9597777,Saudi Aramco Trading,2022-03-27 03:00,2022-03-27 04:00,56.5,66.3,9.8,Demurrage,23416.47,,Y,Saudi Aramco Trading
LT1539,VYG1539,9597777,Trafigura,2022-05-06 06:00,2022-05-06 09:00,51.8,46.9,-4.9,Despatch,27308.64,2787.76,N,Trafigura
LT1540,VYG1540,9597777,Glencore Energy,2022-05-29 06:00,2022-05-29 08:00,69.0,76.8,7.8,Demurrage,30766.43,9999.09,N,Glencore Energy
LT1541,VYG1541,9597777,Freepoint Commodities,2022-07-10 05:00,2022-07-10 10:00,64.1,66.1,2.0,Demurrage,42652.98,3554.42,N,Freepoint Commodities
LT1542,VYG1542,9597777,ExxonMobil Oil,2022-08-22 06:00,2022-08-22 11:00,67.1,35.3,-31.8,Despatch,22339.96,14800.22,N,ExxonMobil Oil
LT1543,VYG1543,9597777,Saudi Aramco Trading,2022-09-22 01:00,2022-09-22 02:00,49.9,56.1,6.2,Demurrage,39226.23,10133.44,N,Saudi Aramco Trading
LT1544,VYG1544,9597777,Glencore Energy,2022-10-25 03:00,2022-10-25 06:00,64.7,61.8,-2.9,Despatch,30042.06,,Y,Glencore Energy
LT1545,VYG1545,9597777,Saudi Aramco Trading,2022-11-29 05:00,2022-11-29 10:00,58.6,33.9,-24.7,Despatch,32673.82,16813.4,N,Saudi Aramco Trading
LT1546,VYG1546,9597777,Equinor Trading,2023-01-06 01:00,2023-01-06 02:00,66.8,56.6,-10.2,Despatch,43295.9,9200.38,N,Equinor Trading
LT1547,VYG1547,9597777,Castleton Commodities,2023-01-31 05:00,2023-01-31 09:00,54.3,44.5,-9.8,Despatch,26723.22,5455.99,N,Castleton Commodities
LT1548,VYG1548,9597777,Chevron Products,2023-02-28 02:00,2023-02-28 05:00,55.3,47.1,-8.2,Despatch,29075.87,4967.13,N,Chevron Products
LT1549,VYG1549,9597777,BP Oil International,2023-03-31 04:00,2023-03-31 08:00,64.6,86.3,21.7,Demurrage,32584.19,29461.54,N,BP Oil International
LT1550,VYG1550,9597777,Vitol Group,2023-05-06 06:00,2023-05-06 10:00,65.2,55.1,-10.1,Despatch,25764.44,5421.27,N,Vitol Group
LT1551,VYG1551,9597777,Saudi Aramco Trading,2023-06-17 03:00,2023-06-17 05:00,49.8,54.6,4.8,Demurrage,30808.5,6161.7,N,Saudi Aramco Trading
LT1552,VYG1552,9597777,TotalEnergies Trading,2023-07-17 07:00,2023-07-17 09:00,55.0,76.6,21.6,Demurrage,26065.23,23458.71,N,TotalEnergies Trading
LT1553,VYG1553,9597777,Chevron Products,2023-08-24 03:00,2023-08-24 06:00,50.4,34.6,-15.8,Despatch,30742.51,10119.41,N,Chevron Products
LT1554,VYG1554,9597777,Vitol Group,2023-09-28 03:00,2023-09-28 06:00,59.1,41.7,-17.4,Despatch,22616.85,8198.61,N,Vitol Group
LT1555,VYG1555,9597777,Mercuria Energy,2023-11-07 04:00,2023-11-07 05:00,59.6,55.6,-4.0,Despatch,29816.77,2484.73,N,Mercuria Energy
LT1556,VYG1556,9597777,ExxonMobil Oil,2023-12-19 03:00,2023-12-19 05:00,70.5,57.9,-12.6,Despatch,40679.85,10678.46,N,ExxonMobil Oil
LT1557,VYG1557,9597777,Gunvor Group,2024-01-22 02:00,2024-01-22 06:00,65.6,53.0,-12.6,Despatch,33511.63,8796.8,N,Gunvor Group
LT1558,VYG1558,9597777,Litasco,2024-03-03 01:00,2024-03-03 02:00,65.7,60.3,-5.4,Despatch,31553.69,3549.79,N,Litasco
LT1559,VYG1559,9597777,Mercuria Energy,2024-04-12 05:00,2024-04-12 06:00,54.6,82.5,27.9,Demurrage,26774.68,,Y,Mercuria Energy
LT1560,VYG1560,9597777,Vitol Group,2024-05-03 03:00,2024-05-03 06:00,64.6,49.5,-15.1,Despatch,30056.57,,Y,Vitol Group
LT1561,VYG1561,9597777,Glencore Energy,2024-06-02 01:00,2024-06-02 05:00,69.2,88.6,19.4,Demurrage,32005.57,25871.17,N,Glencore Energy
LT1562,VYG1562,9597777,Mercuria Energy,2024-06-27 05:00,2024-06-27 10:00,63.7,68.8,5.1,Demurrage,28389.93,6032.86,N,Mercuria Energy
LT1563,VYG1563,9597777,Vitol Group,2024-07-26 03:00,2024-07-26 08:00,50.0,73.2,23.2,Demurrage,44424.98,42944.15,N,Vitol Group
LT1564,VYG1564,9597777,Castleton Commodities,2024-09-02 06:00,2024-09-02 07:00,59.4,69.3,9.9,Demurrage,40592.42,16744.37,N,Castleton Commodities
LT1565,VYG1565,9597777,Saudi Aramco Trading,2024-10-11 03:00,2024-10-11 04:00,56.8,39.7,-17.1,Despatch,35787.73,12749.38,N,Saudi Aramco Trading
LT1566,VYG1566,9597777,ExxonMobil Oil,2024-11-07 06:00,2024-11-07 10:00,54.5,81.2,26.7,Demurrage,24700.58,27479.4,N,ExxonMobil Oil
LT1567,VYG1567,9597777,Vitol Group,2024-12-08 05:00,2024-12-08 08:00,57.8,67.9,10.1,Demurrage,32339.91,13609.71,N,Vitol Group
LT1568,VYG1568,9598888,Vitol Group,2022-01-08 06:00,2022-01-08 09:00,36.1,12.0,-24.1,Despatch,24683.88,,Y,Vitol Group
LT1569,VYG1569,9598888,Castleton Commodities,2022-02-05 01:00,2022-02-05 04:00,50.5,61.5,11.0,Demurrage,35660.51,,Y,Castleton Commodities
LT1570,VYG1570,9598888,Castleton Commodities,2022-03-11 05:00,2022-03-11 09:00,45.1,53.9,8.8,Demurrage,22786.32,8354.99,N,Castleton Commodities
LT1571,VYG1571,9598888,Mercuria Energy,2022-04-11 07:00,2022-04-11 09:00,52.1,65.6,13.5,Demurrage,31781.76,,Y,Mercuria Energy
LT1572,VYG1572,9598888,Mercuria Energy,2022-05-04 02:00,2022-05-04 05:00,49.0,36.9,-12.1,Despatch,43347.93,10927.29,N,Mercuria Energy
LT1573,VYG1573,9598888,Trafigura,2022-05-28 05:00,2022-05-28 06:00,39.3,46.6,7.3,Demurrage,35987.05,10946.06,N,Trafigura
LT1574,VYG1574,9598888,Equinor Trading,2022-07-05 01:00,2022-07-05 05:00,42.5,29.3,-13.2,Despatch,40496.59,11136.56,N,Equinor Trading
LT1575,VYG1575,9598888,Gunvor Group,2022-07-29 07:00,2022-07-29 10:00,38.4,48.9,10.5,Demurrage,43151.98,18878.99,N,Gunvor Group
LT1576,VYG1576,9598888,Litasco,2022-09-02 02:00,2022-09-02 04:00,56.1,39.9,-16.2,Despatch,42778.69,14437.81,N,Litasco
LT1577,VYG1577,9598888,Trafigura,2022-10-08 04:00,2022-10-08 06:00,53.9,82.0,28.1,Demurrage,23221.18,27188.13,N,Trafigura
LT1578,VYG1578,9598888,Mercuria Energy,2022-11-10 03:00,2022-11-10 08:00,53.3,46.0,-7.3,Despatch,24343.16,3702.19,N,Mercuria Energy
LT1579,VYG1579,9598888,Trafigura,2022-12-07 03:00,2022-12-07 05:00,55.3,50.4,-4.9,Despatch,22375.85,,Y,Trafigura
LT1580,VYG1580,9598888,Litasco,2023-01-09 05:00,2023-01-09 07:00,48.0,59.3,11.3,Demurrage,40243.83,,Y,Litasco
LT1581,VYG1581,9598888,TotalEnergies Trading,2023-02-13 02:00,2023-02-13 04:00,58.0,49.2,-8.8,Despatch,30843.52,5654.64,N,TotalEnergies Trading
LT1582,VYG1582,9598888,Freepoint Commodities,2023-03-21 01:00,2023-03-21 05:00,38.3,55.7,17.4,Demurrage,33946.22,24611.01,N,Freepoint Commodities
LT1583,VYG1583,9598888,TotalEnergies Trading,2023-04-23 07:00,2023-04-23 08:00,51.2,56.3,5.1,Demurrage,35551.4,7554.67,N,TotalEnergies Trading
LT1584,VYG1584,9598888,Shell Trading,2023-05-22 05:00,2023-05-22 07:00,50.7,42.6,-8.1,Despatch,26967.09,4550.7,N,Shell Trading
LT1585,VYG1585,9598888,Shell Trading,2023-06-30 02:00,2023-06-30 03:00,59.9,49.6,-10.3,Despatch,34926.17,7494.57,N,Shell Trading
LT1586,VYG1586,9598888,Shell Trading,2023-08-02 02:00,2023-08-02 03:00,37.5,48.8,11.3,Demurrage,31859.9,15000.7,N,Shell Trading
LT1587,VYG1587,9598888,Shell Trading,2023-09-01 04:00,2023-09-01 07:00,39.3,41.7,2.4,Demurrage,41390.29,4139.03,N,Shell Trading
LT1588,VYG1588,9598888,Saudi Aramco Trading,2023-10-07 07:00,2023-10-07 12:00,58.3,48.3,-10.0,Despatch,41065.45,8555.3,N,Saudi Aramco Trading
LT1589,VYG1589,9598888,Glencore Energy,2023-11-15 06:00,2023-11-15 09:00,42.5,51.6,9.1,Demurrage,32722.69,12407.35,N,Glencore Energy
LT1590,VYG1590,9598888,Vitol Group,2023-12-18 03:00,2023-12-18 08:00,47.6,73.2,25.6,Demurrage,41682.39,44461.22,N,Vitol Group
LT1591,VYG1591,9598888,Freepoint Commodities,2024-01-12 02:00,2024-01-12 04:00,46.6,62.3,15.7,Demurrage,33756.33,22082.27,N,Freepoint Commodities
LT1592,VYG1592,9598888,Gunvor Group,2024-02-16 06:00,2024-02-16 10:00,41.7,54.0,12.3,Demurrage,38550.91,,Y,Gunvor Group
LT1593,VYG1593,9598888,Litasco,2024-03-22 07:00,2024-03-22 09:00,51.3,38.9,-12.4,Despatch,37689.73,9736.51,N,Litasco
LT1594,VYG1594,9598888,ExxonMobil Oil,2024-04-21 03:00,2024-04-21 04:00,44.4,28.1,-16.3,Despatch,34946.66,11867.3,N,ExxonMobil Oil
LT1595,VYG1595,9598888,Mercuria Energy,2024-05-23 07:00,2024-05-23 10:00,42.9,40.8,-2.1,Despatch,43059.06,1883.83,N,Mercuria Energy
LT1596,VYG1596,9598888,Litasco,2024-06-28 07:00,2024-06-28 08:00,52.7,49.7,-3.0,Despatch,42917.61,2682.35,N,Litasco
LT1597,VYG1597,9598888,ExxonMobil Oil,2024-07-20 01:00,2024-07-20 02:00,44.7,16.2,-28.5,Despatch,24706.93,14669.74,N,ExxonMobil Oil
LT1598,VYG1598,9598888,Vitol Group,2024-08-26 06:00,2024-08-26 11:00,52.0,59.7,7.7,Demurrage,31229.39,10019.43,N,Vitol Group
LT1599,VYG1599,9598888,Shell Trading,2024-09-15 06:00,2024-09-15 09:00,49.8,67.0,17.2,Demurrage,27279.83,19550.54,N,Shell Trading
LT1600,VYG1600,9598888,TotalEnergies Trading,2024-10-29 04:00,2024-10-29 06:00,54.2,28.5,-25.7,Despatch,37048.91,19836.6,N,TotalEnergies Trading
LT1601,VYG1601,9598888,Glencore Energy,2024-12-04 05:00,2024-12-04 09:00,45.5,56.9,11.4,Demurrage,24959.36,11855.7,N,Glencore Energy
LT1602,VYG1602,9598888,Chevron Products,2025-01-03 01:00,2025-01-03 03:00,45.6,57.5,11.9,Demurrage,36572.09,,Y,Chevron Products
LT1603,VYG1603,9599999,ExxonMobil Oil,2022-01-03 01:00,2022-01-03 02:00,94.8,113.3,18.5,Demurrage,69734.14,53753.4,N,ExxonMobil Oil
LT1604,VYG1604,9599999,Glencore Energy,2022-02-12 07:00,2022-02-12 08:00,62.4,69.4,7.0,Demurrage,61633.26,17976.37,N,Glencore Energy
LT1605,VYG1605,9599999,Shell Trading,2022-03-13 03:00,2022-03-13 05:00,85.9,113.7,27.8,Demurrage,56626.27,65592.09,N,Shell Trading
LT1606,VYG1606,9599999,Gunvor Group,2022-04-11 05:00,2022-04-11 09:00,83.1,93.6,10.5,Demurrage,47950.72,20978.44,N,Gunvor Group
LT1607,VYG1607,9599999,Glencore Energy,2022-05-05 01:00,2022-05-05 02:00,84.3,96.1,11.8,Demurrage,62798.32,30875.84,N,Glencore Energy
LT1608,VYG1608,9599999,Glencore Energy,2022-06-07 03:00,2022-06-07 07:00,90.2,112.7,22.5,Demurrage,47648.4,44670.37,N,Glencore Energy
LT1609,VYG1609,9599999,Saudi Aramco Trading,2022-06-29 05:00,2022-06-29 09:00,74.8,99.4,24.6,Demurrage,35252.73,36134.05,N,Saudi Aramco Trading
LT1610,VYG1610,9599999,BP Oil International,2022-08-06 06:00,2022-08-06 11:00,81.6,83.5,1.9,Demurrage,67442.84,5339.22,N,BP Oil International
LT1611,VYG1611,9599999,Litasco,2022-09-01 05:00,2022-09-01 07:00,87.4,79.9,-7.5,Despatch,62185.07,9716.42,N,Litasco
LT1612,VYG1612,9599999,Mercuria Energy,2022-09-26 05:00,2022-09-26 07:00,78.4,104.7,26.3,Demurrage,71410.44,78253.94,N,Mercuria Energy
LT1613,VYG1613,9599999,Gunvor Group,2022-10-28 05:00,2022-10-28 07:00,68.1,52.4,-15.7,Despatch,74830.78,24475.9,N,Gunvor Group
LT1614,VYG1614,9599999,Equinor Trading,2022-11-26 06:00,2022-11-26 07:00,70.7,76.5,5.8,Demurrage,38805.62,,Y,Equinor Trading
LT1615,VYG1615,9599999,BP Oil International,2022-12-16 01:00,2022-12-16 03:00,71.8,67.3,-4.5,Despatch,44316.92,,Y,BP Oil International
LT1616,VYG1616,9599999,BP Oil International,2023-01-24 03:00,2023-01-24 04:00,62.6,46.5,-16.1,Despatch,40919.68,13725.14,N,BP Oil International
LT1617,VYG1617,9599999,Chevron Products,2023-02-19 02:00,2023-02-19 05:00,93.2,88.3,-4.9,Despatch,61591.05,6287.42,N,Chevron Products
LT1618,VYG1618,9599999,Shell Trading,2023-03-21 02:00,2023-03-21 07:00,61.7,73.4,11.7,Demurrage,74091.93,36119.82,N,Shell Trading
LT1619,VYG1619,9599999,Litasco,2023-04-15 06:00,2023-04-15 08:00,81.0,75.9,-5.1,Despatch,70538.69,7494.74,N,Litasco
LT1620,VYG1620,9599999,ExxonMobil Oil,2023-05-21 05:00,2023-05-21 07:00,71.7,49.0,-22.7,Despatch,56017.36,26491.54,N,ExxonMobil Oil
LT1621,VYG1621,9599999,Trafigura,2023-06-29 01:00,2023-06-29 04:00,66.7,63.8,-2.9,Despatch,58492.54,3533.92,N,Trafigura
LT1622,VYG1622,9599999,TotalEnergies Trading,2023-08-05 06:00,2023-08-05 09:00,71.9,51.4,-20.5,Despatch,42337.03,18081.44,N,TotalEnergies Trading
LT1623,VYG1623,9599999,Equinor Trading,2023-09-02 04:00,2023-09-02 07:00,68.2,46.5,-21.7,Despatch,36336.02,16426.91,N,Equinor Trading
LT1624,VYG1624,9599999,Litasco,2023-09-28 06:00,2023-09-28 10:00,88.4,74.3,-14.1,Despatch,58302.13,17126.25,N,Litasco
LT1625,VYG1625,9599999,Equinor Trading,2023-11-07 06:00,2023-11-07 10:00,66.4,76.7,10.3,Demurrage,46757.49,20066.76,N,Equinor Trading
LT1626,VYG1626,9599999,Mercuria Energy,2023-11-29 01:00,2023-11-29 02:00,74.1,69.0,-5.1,Despatch,40681.74,4322.43,N,Mercuria Energy
LT1627,VYG1627,9599999,Equinor Trading,2023-12-29 03:00,2023-12-29 07:00,84.0,72.4,-11.6,Despatch,44245.99,10692.78,N,Equinor Trading
LT1628,VYG1628,9599999,Trafigura,2024-01-20 06:00,2024-01-20 10:00,81.9,102.1,20.2,Demurrage,49275.77,41473.78,N,Trafigura
LT1629,VYG1629,9599999,Equinor Trading,2024-02-12 06:00,2024-02-12 10:00,80.8,72.7,-8.1,Despatch,61619.46,10398.28,N,Equinor Trading
LT1630,VYG1630,9599999,Trafigura,2024-03-15 01:00,2024-03-15 06:00,78.0,64.7,-13.3,Despatch,58968.26,16339.12,N,Trafigura
LT1631,VYG1631,9599999,Gunvor Group,2024-04-22 03:00,2024-04-22 04:00,94.0,97.6,3.6,Demurrage,60670.12,9100.52,N,Gunvor Group
LT1632,VYG1632,9599999,Gunvor Group,2024-05-28 05:00,2024-05-28 06:00,60.8,53.9,-6.9,Despatch,67658.38,9725.89,N,Gunvor Group
LT1633,VYG1633,9599999,ExxonMobil Oil,2024-06-26 05:00,2024-06-26 10:00,93.7,95.6,1.9,Demurrage,55414.15,4386.95,N,ExxonMobil Oil
LT1634,VYG1634,9599999,Litasco,2024-07-25 05:00,2024-07-25 10:00,68.4,47.9,-20.5,Despatch,55100.34,,Y,Litasco
LT1635,VYG1635,9599999,Freepoint Commodities,2024-08-27 01:00,2024-08-27 05:00,70.1,64.1,-6.0,Despatch,53864.01,6733.0,N,Freepoint Commodities
LT1636,VYG1636,9599999,TotalEnergies Trading,2024-09-30 03:00,2024-09-30 07:00,89.0,84.5,-4.5,Despatch,49702.29,4659.59,N,TotalEnergies Trading
LT1637,VYG1637,9599999,Litasco,2024-11-03 02:00,2024-11-03 03:00,80.0,89.3,9.3,Demurrage,45760.45,,Y,Litasco
LT1638,VYG1638,9599999,Chevron Products,2024-12-09 05:00,2024-12-09 06:00,75.4,91.0,15.6,Demurrage,70619.83,45902.89,N,Chevron Products
LT1639,VYG1639,9599999,Saudi Aramco Trading,2024-12-31 04:00,2024-12-31 07:00,77.8,74.9,-2.9,Despatch,56475.59,3412.07,N,Saudi Aramco Trading
LT1640,VYG1640,9600000,BP Oil International,2022-01-03 04:00,2022-01-03 07:00,69.4,79.5,10.1,Demurrage,26141.31,11001.13,N,BP Oil International
LT1641,VYG1641,9600000,TotalEnergies Trading,2022-01-27 04:00,2022-01-27 06:00,70.5,78.8,8.3,Demurrage,41329.97,,Y,TotalEnergies Trading
LT1642,VYG1642,9600000,Glencore Energy,2022-02-20 06:00,2022-02-20 10:00,64.9,44.8,-20.1,Despatch,33285.31,13938.22,N,Glencore Energy
LT1643,VYG1643,9600000,Shell Trading,2022-03-18 05:00,2022-03-18 06:00,69.5,71.5,2.0,Demurrage,43215.54,3601.3,N,Shell Trading
LT1644,VYG1644,9600000,Equinor Trading,2022-04-29 01:00,2022-04-29 04:00,48.1,28.4,-19.7,Despatch,29400.01,,Y,Equinor Trading
LT1645,VYG1645,9600000,Gunvor Group,2022-05-28 02:00,2022-05-28 05:00,66.3,81.6,15.3,Demurrage,43794.25,27918.83,N,Gunvor Group
LT1646,VYG1646,9600000,Mercuria Energy,2022-07-10 01:00,2022-07-10 02:00,69.9,90.0,20.1,Demurrage,24469.8,20493.46,N,Mercuria Energy
LT1647,VYG1647,9600000,Gunvor Group,2022-08-09 03:00,2022-08-09 04:00,56.1,46.9,-9.2,Despatch,22504.39,,Y,Gunvor Group
LT1648,VYG1648,9600000,Saudi Aramco Trading,2022-09-08 06:00,2022-09-08 08:00,63.4,67.2,3.8,Demurrage,27977.86,4429.83,N,Saudi Aramco Trading
LT1649,VYG1649,9600000,Equinor Trading,2022-10-09 04:00,2022-10-09 07:00,60.6,45.7,-14.9,Despatch,28908.92,8973.81,N,Equinor Trading
LT1650,VYG1650,9600000,Shell Trading,2022-10-27 01:00,2022-10-27 04:00,60.6,59.0,-1.6,Despatch,37688.14,1256.27,N,Shell Trading
LT1651,VYG1651,9600000,ExxonMobil Oil,2022-11-24 02:00,2022-11-24 07:00,59.4,79.0,19.6,Demurrage,34531.33,28200.58,N,ExxonMobil Oil
LT1652,VYG1652,9600000,Castleton Commodities,2023-01-02 04:00,2023-01-02 09:00,58.1,52.8,-5.3,Despatch,22327.78,2465.36,N,Castleton Commodities
LT1653,VYG1653,9600000,Gunvor Group,2023-02-09 02:00,2023-02-09 06:00,61.9,71.9,10.0,Demurrage,23275.68,9698.2,N,Gunvor Group
LT1654,VYG1654,9600000,Glencore Energy,2023-03-06 07:00,2023-03-06 10:00,51.8,51.1,-0.7,Despatch,44559.94,649.83,N,Glencore Energy
LT1655,VYG1655,9600000,ExxonMobil Oil,2023-04-11 05:00,2023-04-11 08:00,59.8,60.4,0.6,Demurrage,44856.59,1121.41,N,ExxonMobil Oil
LT1656,VYG1656,9600000,Equinor Trading,2023-05-21 07:00,2023-05-21 12:00,71.9,57.2,-14.7,Despatch,43512.45,13325.69,N,Equinor Trading
LT1657,VYG1657,9600000,Litasco,2023-06-20 02:00,2023-06-20 05:00,53.0,58.0,5.0,Demurrage,30170.14,6285.45,N,Litasco
LT1658,VYG1658,9600000,Chevron Products,2023-07-15 01:00,2023-07-15 06:00,61.0,63.1,2.1,Demurrage,41345.67,3617.75,N,Chevron Products
LT1659,VYG1659,9600000,Gunvor Group,2023-08-27 06:00,2023-08-27 10:00,66.2,72.6,6.4,Demurrage,24147.74,6439.4,N,Gunvor Group
LT1660,VYG1660,9600000,Trafigura,2023-09-21 06:00,2023-09-21 11:00,69.8,58.3,-11.5,Despatch,36121.18,8654.03,N,Trafigura
LT1661,VYG1661,9600000,Chevron Products,2023-10-19 06:00,2023-10-19 08:00,54.6,82.5,27.9,Demurrage,34048.94,39581.89,N,Chevron Products
LT1662,VYG1662,9600000,Gunvor Group,2023-11-29 05:00,2023-11-29 10:00,61.2,55.8,-5.4,Despatch,37631.18,4233.51,N,Gunvor Group
LT1663,VYG1663,9600000,Freepoint Commodities,2023-12-25 05:00,2023-12-25 09:00,69.1,54.1,-15.0,Despatch,34099.76,10656.18,N,Freepoint Commodities
LT1664,VYG1664,9600000,ExxonMobil Oil,2024-01-19 06:00,2024-01-19 07:00,65.4,61.9,-3.5,Despatch,23218.52,1693.02,N,ExxonMobil Oil
LT1665,VYG1665,9600000,Trafigura,2024-02-11 01:00,2024-02-11 06:00,64.5,54.6,-9.9,Despatch,24824.26,5120.0,N,Trafigura
LT1666,VYG1666,9600000,Saudi Aramco Trading,2024-03-11 03:00,2024-03-11 06:00,58.7,64.0,5.3,Demurrage,43932.34,,Y,Saudi Aramco Trading
LT1667,VYG1667,9600000,Chevron Products,2024-04-20 07:00,2024-04-20 12:00,55.1,51.2,-3.9,Despatch,38164.37,3100.85,N,Chevron Products
LT1668,VYG1668,9600000,ExxonMobil Oil,2024-05-18 04:00,2024-05-18 08:00,59.9,41.6,-18.3,Despatch,27520.65,10492.25,N,ExxonMobil Oil
LT1669,VYG1669,9600000,Saudi Aramco Trading,2024-06-15 04:00,2024-06-15 06:00,65.1,77.9,12.8,Demurrage,41673.19,22225.7,N,Saudi Aramco Trading
LT1670,VYG1670,9600000,TotalEnergies Trading,2024-07-26 01:00,2024-07-26 03:00,51.0,59.1,8.1,Demurrage,24467.21,,Y,TotalEnergies Trading
LT1671,VYG1671,9600000,Freepoint Commodities,2024-08-30 01:00,2024-08-30 04:00,57.6,33.7,-23.9,Despatch,34424.76,,Y,Freepoint Commodities
LT1672,VYG1672,9600000,Vitol Group,2024-09-26 01:00,2024-09-26 02:00,61.0,43.9,-17.1,Despatch,33165.72,11815.29,N,Vitol Group
LT1673,VYG1673,9600000,Mercuria Energy,2024-10-24 01:00,2024-10-24 02:00,56.1,54.9,-1.2,Despatch,35500.09,887.5,N,Mercuria Energy
LT1674,VYG1674,9600000,Equinor Trading,2024-11-19 05:00,2024-11-19 08:00,65.2,73.0,7.8,Demurrage,37784.18,12279.86,N,Equinor Trading
LT1675,VYG1675,9600000,Glencore Energy,2024-12-12 05:00,2024-12-12 09:00,49.6,52.4,2.8,Demurrage,24637.02,2874.32,N,Glencore Energy
LT1676,VYG1676,9601111,Vitol Group,2022-01-09 05:00,2022-01-09 07:00,46.0,51.9,5.9,Demurrage,44761.65,11003.91,N,Vitol Group
LT1677,VYG1677,9601111,Chevron Products,2022-02-05 06:00,2022-02-05 10:00,52.9,47.5,-5.4,Despatch,41567.7,4676.37,N,Chevron Products
LT1678,VYG1678,9601111,Chevron Products,2022-03-12 02:00,2022-03-12 06:00,55.7,70.2,14.5,Demurrage,25912.16,15655.27,N,Chevron Products
LT1679,VYG1679,9601111,Saudi Aramco Trading,2022-04-21 01:00,2022-04-21 05:00,37.9,12.0,-25.9,Despatch,40266.99,21727.4,N,Saudi Aramco Trading
LT1680,VYG1680,9601111,Mercuria Energy,2022-05-22 03:00,2022-05-22 05:00,39.2,54.4,15.2,Demurrage,22497.38,14248.34,N,Mercuria Energy
LT1681,VYG1681,9601111,Equinor Trading,2022-06-26 03:00,2022-06-26 07:00,58.3,62.8,4.5,Demurrage,26474.0,4963.87,N,Equinor Trading
LT1682,VYG1682,9601111,Freepoint Commodities,2022-07-25 01:00,2022-07-25 05:00,40.7,14.6,-26.1,Despatch,39268.15,21352.05,N,Freepoint Commodities
LT1683,VYG1683,9601111,Freepoint Commodities,2022-08-23 07:00,2022-08-23 08:00,57.0,42.7,-14.3,Despatch,39303.38,11709.13,N,Freepoint Commodities
LT1684,VYG1684,9601111,Glencore Energy,2022-09-29 05:00,2022-09-29 10:00,52.4,19.3,-33.1,Despatch,28000.68,19308.8,N,Glencore Energy
LT1685,VYG1685,9601111,Saudi Aramco Trading,2022-11-03 01:00,2022-11-03 05:00,45.3,63.8,18.5,Demurrage,35191.29,27126.62,N,Saudi Aramco Trading
LT1686,VYG1686,9601111,Gunvor Group,2022-12-08 01:00,2022-12-08 06:00,55.9,69.6,13.7,Demurrage,34393.63,19633.03,N,Gunvor Group
LT1687,VYG1687,9601111,Freepoint Commodities,2023-01-13 05:00,2023-01-13 06:00,57.4,69.1,11.7,Demurrage,22827.3,11128.31,N,Freepoint Commodities
LT1688,VYG1688,9601111,Castleton Commodities,2023-02-16 03:00,2023-02-16 04:00,54.8,57.4,2.6,Demurrage,37801.81,4095.2,N,Castleton Commodities
LT1689,VYG1689,9601111,Litasco,2023-03-20 03:00,2023-03-20 04:00,39.6,42.8,3.2,Demurrage,26309.96,3507.99,N,Litasco
LT1690,VYG1690,9601111,Freepoint Commodities,2023-04-13 02:00,2023-04-13 07:00,59.3,67.1,7.8,Demurrage,34150.33,11098.86,N,Freepoint Commodities
LT1691,VYG1691,9601111,Chevron Products,2023-05-15 06:00,2023-05-15 10:00,46.7,71.4,24.7,Demurrage,24510.16,25225.04,N,Chevron Products
LT1692,VYG1692,9601111,BP Oil International,2023-06-10 02:00,2023-06-10 06:00,40.6,34.1,-6.5,Despatch,24806.3,3359.19,N,BP Oil International
LT1693,VYG1693,9601111,Litasco,2023-07-12 02:00,2023-07-12 05:00,46.0,37.2,-8.8,Despatch,22000.44,4033.41,N,Litasco
LT1694,VYG1694,9601111,Chevron Products,2023-08-08 05:00,2023-08-08 06:00,47.4,32.2,-15.2,Despatch,33646.15,,Y,Chevron Products
LT1695,VYG1695,9601111,ExxonMobil Oil,2023-08-27 01:00,2023-08-27 04:00,49.1,15.0,-34.1,Despatch,40636.02,28868.51,N,ExxonMobil Oil
LT1696,VYG1696,9601111,Vitol Group,2023-10-03 04:00,2023-10-03 05:00,57.3,38.4,-18.9,Despatch,37080.77,14600.55,N,Vitol Group
LT1697,VYG1697,9601111,Gunvor Group,2023-11-10 04:00,2023-11-10 08:00,36.3,56.6,20.3,Demurrage,28469.58,24080.52,N,Gunvor Group
LT1698,VYG1698,9601111,Chevron Products,2023-12-01 07:00,2023-12-01 10:00,54.5,36.6,-17.9,Despatch,22435.62,8366.62,N,Chevron Products
LT1699,VYG1699,9601111,Shell Trading,2023-12-31 07:00,2023-12-31 08:00,38.2,62.6,24.4,Demurrage,36735.4,37347.66,N,Shell Trading
LT1700,VYG1700,9601111,Castleton Commodities,2024-02-02 05:00,2024-02-02 08:00,47.8,57.7,9.9,Demurrage,26177.34,10798.15,N,Castleton Commodities
LT1701,VYG1701,9601111,Mercuria Energy,2024-02-25 05:00,2024-02-25 07:00,56.6,45.3,-11.3,Despatch,33842.44,7967.08,N,Mercuria Energy
LT1702,VYG1702,9601111,TotalEnergies Trading,2024-03-25 04:00,2024-03-25 09:00,48.2,27.6,-20.6,Despatch,22305.1,9572.61,N,TotalEnergies Trading
LT1703,VYG1703,9601111,Trafigura,2024-04-29 01:00,2024-04-29 03:00,51.9,41.9,-10.0,Despatch,40963.03,8533.97,N,Trafigura
LT1704,VYG1704,9601111,Shell Trading,2024-05-31 06:00,2024-05-31 10:00,51.7,68.6,16.9,Demurrage,35564.2,25043.13,N,Shell Trading
LT1705,VYG1705,9601111,Mercuria Energy,2024-07-08 02:00,2024-07-08 04:00,49.5,30.9,-18.6,Despatch,32303.37,12517.55,N,Mercuria Energy
LT1706,VYG1706,9601111,Equinor Trading,2024-08-22 03:00,2024-08-22 06:00,56.2,64.3,8.1,Demurrage,29557.9,9975.79,N,Equinor Trading
LT1707,VYG1707,9601111,Saudi Aramco Trading,2024-09-27 05:00,2024-09-27 09:00,46.2,60.5,14.3,Demurrage,37849.53,,Y,Saudi Aramco Trading
LT1708,VYG1708,9601111,Freepoint Commodities,2024-10-29 02:00,2024-10-29 06:00,48.9,68.5,19.6,Demurrage,29790.82,24329.17,N,Freepoint Commodities
LT1709,VYG1709,9601111,Equinor Trading,2024-11-19 05:00,2024-11-19 06:00,46.7,67.4,20.7,Demurrage,44853.92,38686.51,N,Equinor Trading
LT1710,VYG1710,9601111,Litasco,2024-12-13 06:00,2024-12-13 08:00,52.8,55.0,2.2,Demurrage,42432.39,3889.64,N,Litasco
